hospital_name,hospital_type,star_rating,readmit_success_count,readmit_fail_count,community_income,community_population
BROWNFIELD REGIONAL MEDICAL CENTER,Acute Care Hospitals,2,0,1,41406.0,11510.0
CRENSHAW COMMUNITY HOSPITAL,Acute Care Hospitals,2,0,0,39397.0,5844.0
JACKSON MEDICAL CENTER,Acute Care Hospitals,2,0,0,30000.0,9884.0
ST VINCENTS BLOUNT,Critical Access Hospitals,1,0,0,48814.0,15208.0
YUKON KUSKOKWIM DELTA REG HOSPITAL,Acute Care Hospitals,2,0,0,78404.0,7901.0
BANNER GOLDFIELD MEDICAL CENTER,Acute Care Hospitals,5,0,0,38373.0,30621.0
WADLEY REGIONAL MEDICAL CENTER AT HOPE,Acute Care Hospitals,4,0,0,39918.0,16865.0
JOHN C FREMONT HEALTHCARE DISTRICT,Critical Access Hospitals,4,0,0,52725.0,11015.0
ADVENTIST HEALTH CLEARLAKE,Critical Access Hospitals,3,0,1,27161.0,15360.0
ADVENTHEALTH WAUCHULA,Critical Access Hospitals,5,0,0,39958.0,14451.0
NORTHWEST FLORIDA COMMUNITY HOSPITAL,Critical Access Hospitals,2,0,0,37992.0,17083.0
CRAWFORD MEMORIAL HOSPITAL,Critical Access Hospitals,4,0,0,47566.0,11164.0
"COMMUNITY HOSPITAL, ONAGA AND ST MARYS CAMPUS",Critical Access Hospitals,3,0,0,57351.0,1881.0
LASALLE GENERAL HOSPITAL,Acute Care Hospitals,2,0,1,30358.0,7647.0
"CALDWELL MEMORIAL HOSPITAL, INC",Acute Care Hospitals,5,0,0,28337.0,6481.0
EAST CARROLL PARISH HOSPITAL,Acute Care Hospitals,2,0,0,19315.0,6840.0
ABROM KAPLAN MEMORIAL HOSPITAL,Critical Access Hospitals,4,0,0,39148.0,10712.0
RUMFORD  HOSPITAL,Critical Access Hospitals,2,0,0,30777.0,5730.0
HOULTON REGIONAL HOSPITAL,Critical Access Hospitals,3,0,0,40833.0,9777.0
SEBASTICOOK VALLEY HEALTH,Critical Access Hospitals,2,1,1,47765.0,4092.0
TISHOMINGO HEALTH SERVICES INC,Acute Care Hospitals,4,1,0,43530.0,9342.0
ALLIANCE HEALTHCARE SYSTEM,Acute Care Hospitals,2,0,1,37461.0,15608.0
COVINGTON COUNTY HOSPITAL CAH,Critical Access Hospitals,4,1,0,35833.0,9567.0
WASHINGTON COUNTY MEMORIAL HOSPITAL,Critical Access Hospitals,3,1,1,37366.0,8810.0
ANDROSCOGGIN VALLEY HOSPITAL,Critical Access Hospitals,3,1,0,37969.0,10273.0
MERCY HEALTH - URBANA HOSPITAL,Critical Access Hospitals,5,1,0,48792.0,20685.0
PUSHMATAHA HOSPITAL,Acute Care Hospitals,2,0,0,35347.0,5961.0
CLAREMORE INDIAN HOSPITAL,Acute Care Hospitals,4,0,0,51635.0,28184.0
HENDERSON COUNTY COMMUNITY HOSPITAL,Acute Care Hospitals,3,0,0,41679.0,17552.0
PERRY COMMUNITY HOSPITAL,Acute Care Hospitals,4,0,0,32433.0,5669.0
STONES RIVER HOSPITAL,Acute Care Hospitals,5,2,0,46941.0,8477.0
CHRISTUS SPOHN HOSPITAL BEEVILLE,Acute Care Hospitals,3,0,0,45246.0,28648.0
TYLER COUNTY HOSPITAL,Acute Care Hospitals,2,0,0,40079.0,12384.0
SEYMOUR HOSPITAL,Acute Care Hospitals,5,0,0,36437.0,3633.0
MT ASCUTNEY HOSPITAL,Critical Access Hospitals,4,0,0,52549.0,4767.0
CARILION TAZEWELL COMMUNITY HOSPITAL,Acute Care Hospitals,2,0,2,45896.0,5807.0
ST MARYS HOSPITAL SUPERIOR,Critical Access Hospitals,3,0,0,46113.0,30137.0
MARION REGIONAL MEDICAL CENTER,Acute Care Hospitals,5,1,0,38673.0,11540.0
LAWRENCE MEDICAL CENTER,Acute Care Hospitals,4,0,0,45010.0,14241.0
CLAY COUNTY HOSPITAL,Acute Care Hospitals,3,0,0,32769.0,5222.0
GROVE HILL MEMORIAL HOSPITAL,Acute Care Hospitals,4,1,0,45793.0,4701.0
LA PAZ REGIONAL HOSPITAL,Critical Access Hospitals,2,0,0,35970.0,10537.0
CHAMBERS MEMORIAL HOSPITAL,Acute Care Hospitals,3,0,0,42356.0,4232.0
MAGNOLIA HOSPITAL,Acute Care Hospitals,2,0,0,39331.0,16813.0
BAPTIST HEALTH MEDICAL CENTER-ARKADELPHIA,Critical Access Hospitals,2,0,0,37101.0,15175.0
ASHLEY COUNTY MEDICAL CENTER,Critical Access Hospitals,3,1,0,36179.0,12081.0
JAY HOSPITAL,Acute Care Hospitals,2,0,1,46074.0,4904.0
HEALTHMARK REGIONAL MEDICAL CENTER,Acute Care Hospitals,4,0,0,41555.0,7610.0
ED FRASER MEMORIAL HOSPITAL,Acute Care Hospitals,3,0,0,62878.0,14081.0
ASCENSION SACRED HEART GULF,Acute Care Hospitals,3,0,0,47440.0,7943.0
NORTHRIDGE MEDICAL CENTER,Acute Care Hospitals,3,1,0,44854.0,10766.0
ADVENTHEALTH MURRAY,Acute Care Hospitals,5,1,0,41646.0,33534.0
EVANS MEMORIAL HOSPITAL,Acute Care Hospitals,4,0,0,39013.0,10873.0
"MEDICAL CENTER OF PEACH COUNTY, NAVICENT HEALTH",Critical Access Hospitals,4,1,0,55026.0,18184.0
STEELE MEMORIAL MEDICAL CENTER,Critical Access Hospitals,3,0,0,36447.0,5899.0
HSHS GOOD SHEPHERD HOSPITAL,Acute Care Hospitals,4,1,0,44497.0,7083.0
HSHS HOLY FAMILY HOSPITAL INC,Acute Care Hospitals,4,1,0,58532.0,10092.0
OSF SAINT PAUL MEDICAL CENTER,Critical Access Hospitals,1,1,0,56953.0,8856.0
NORTHWEST HEALTH - STARKE,Acute Care Hospitals,4,0,0,44363.0,11595.0
INDIANA UNIVERSITY HEALTH WHITE MEMORIAL HOSPITAL,Critical Access Hospitals,3,1,0,48333.0,14478.0
"INDIANA UNIVERSITY HEALTH JAY, INC.",Critical Access Hospitals,2,1,0,45605.0,12613.0
PARKVIEW LAGRANGE HOSPITAL,Critical Access Hospitals,4,1,0,52854.0,12315.0
KEOKUK AREA HOSPITAL,Acute Care Hospitals,3,0,0,40899.0,12800.0
CLARINDA REGIONAL HEALTH CENTER,Critical Access Hospitals,3,1,0,46694.0,7051.0
HENRY COUNTY HEALTH CENTER,Critical Access Hospitals,3,0,0,51480.0,12008.0
CRAWFORD COUNTY MEMORIAL HOSPITAL,Critical Access Hospitals,2,0,1,50641.0,9922.0
BOONE COUNTY HOSPITAL,Critical Access Hospitals,3,1,0,53042.0,16261.0
MAHASKA  HEALTH PARTNERSHIP,Critical Access Hospitals,4,1,0,48228.0,15335.0
CLAY COUNTY MEDICAL CENTER,Critical Access Hospitals,3,2,0,54352.0,5698.0
MEMORIAL HOSPITAL,Critical Access Hospitals,2,0,0,49987.0,9953.0
CRITTENDEN COMMUNITY HOSPITAL,Acute Care Hospitals,2,0,0,40096.0,8254.0
"ROCKCASTLE COUNTY HOSPITAL, INC.",Acute Care Hospitals,1,0,1,35055.0,9728.0
MARCUM AND WALLACE MEMORIAL HOSPITAL,Critical Access Hospitals,3,1,0,29704.0,12665.0
SPRINGHILL MEDICAL CENTER,Acute Care Hospitals,5,2,0,28125.0,6238.0
WINN PARISH MEDICAL CENTER,Acute Care Hospitals,1,0,1,27387.0,10155.0
OAKDALE COMMUNITY HOSPITAL,Acute Care Hospitals,2,0,1,35577.0,10049.0
DESOTO REGIONAL HEALTH SYSTEM,Acute Care Hospitals,3,0,0,30129.0,9546.0
RICHARDSON MEDICAL CENTER,Acute Care Hospitals,3,1,0,34173.0,12684.0
CITIZENS MEDICAL CENTER,Acute Care Hospitals,4,0,0,28337.0,6481.0
SABINE MEDICAL CENTER,Acute Care Hospitals,3,1,0,42589.0,9234.0
MOUNT DESERT ISLAND HOSPITAL,Critical Access Hospitals,3,0,0,53053.0,5356.0
ATHOL MEMORIAL HOSPITAL,Critical Access Hospitals,1,0,0,53733.0,13281.0
SAINT MARY'S STANDISH COMMUNITY HOSPITAL,Critical Access Hospitals,5,0,0,39048.0,5051.0
SPARROW IONIA HOSPITAL,Critical Access Hospitals,4,1,0,44710.0,20029.0
DISTRICT ONE HOSPITAL,Acute Care Hospitals,4,1,0,58554.0,29765.0
AVERA MARSHALL REGIONAL MEDICAL CTR,Critical Access Hospitals,3,0,0,51804.0,15457.0
COMMUNITY MEMORIAL HOSPITAL,Critical Access Hospitals,3,0,0,55223.0,16815.0
ST JOSEPHS AREA  HEALTH SERVICES,Critical Access Hospitals,2,1,0,52025.0,10532.0
GEORGE REGIONAL HEALTH SYSTEM,Acute Care Hospitals,1,0,1,48770.0,27054.0
NESHOBA COUNTY GENERAL HOSPITAL,Acute Care Hospitals,2,0,0,37500.0,25662.0
BAPTIST MEDICAL CENTER-LEAKE,Critical Access Hospitals,4,0,0,36616.0,17142.0
TEXAS COUNTY MEMORIAL HOSPITAL,Acute Care Hospitals,1,0,1,30496.0,4296.0
WRIGHT MEMORIAL HOSPITAL,Critical Access Hospitals,5,0,0,40995.0,8124.0
HEDRICK MEDICAL CENTER,Critical Access Hospitals,4,0,0,45156.0,11987.0
FREEMAN NEOSHO HOSPITAL,Critical Access Hospitals,2,0,0,42015.0,23745.0
MERCY HOSPITAL CARTHAGE,Critical Access Hospitals,4,2,0,43175.0,23111.0
LIVINGSTON HEALTHCARE,Critical Access Hospitals,4,0,0,42998.0,12139.0
COTTAGE HOSPITAL,Critical Access Hospitals,3,0,0,43625.0,2125.0
ROOSEVELT GENERAL HOSPITAL,Acute Care Hospitals,2,0,0,35388.0,18064.0
LINCOLN COUNTY MEDICAL CENTER,Critical Access Hospitals,3,0,0,42651.0,8229.0
BERTRAND CHAFFEE HOSPITAL,Acute Care Hospitals,2,0,2,56114.0,7423.0
HARDIN MEMORIAL HOSPITAL,Critical Access Hospitals,3,0,2,45887.0,13687.0
WYANDOT MEMORIAL HOSPITAL,Critical Access Hospitals,5,1,0,47301.0,10254.0
ALLIANCEHEALTH CLINTON,Acute Care Hospitals,4,0,0,46435.0,10401.0
STILLWATER MEDICAL-BLACKWELL,Acute Care Hospitals,2,0,0,41932.0,7506.0
CHOCTAW MEMORIAL HOSPITAL,Acute Care Hospitals,2,1,1,29665.0,8591.0
SEQUOYAH COUNTY-CITY OF SALLISAW HOSPITAL AUTHORIT,Acute Care Hospitals,3,1,0,34816.0,15032.0
STILLWATER MEDICAL - PERRY,Acute Care Hospitals,2,0,0,52409.0,6805.0
PURCELL MUNICIPAL HOSPITAL,Acute Care Hospitals,4,1,0,50750.0,9592.0
MEMORIAL HOSPITAL,Acute Care Hospitals,5,3,0,32214.0,13861.0
HILLCREST HOSPITAL HENRYETTA,Acute Care Hospitals,3,0,0,36911.0,10178.0
ALLIANCEHEALTH SEMINOLE,Acute Care Hospitals,4,1,0,41335.0,13700.0
"SAINT FRANCIS HOSPITAL VINITA, INC",Acute Care Hospitals,3,0,0,40603.0,11633.0
EASTERN OKLAHOMA MEDICAL CENTER,Critical Access Hospitals,4,0,0,42123.0,11787.0
ST CHARLES PRINEVILLE,Critical Access Hospitals,3,1,0,37236.0,19301.0
ST. ALPHONSUS MEDICAL CENTER - BAKER CITY,Critical Access Hospitals,4,2,0,44464.0,12322.0
HIMA SAN PABLO-CAGUAS,Acute Care Hospitals,1,0,3,20374.0,82822.0
WAYNE MEDICAL CENTER,Acute Care Hospitals,3,1,0,34018.0,6358.0
DEKALB COMMUNITY HOSPITAL,Acute Care Hospitals,4,1,0,40078.0,14074.0
"JELLICO MEDICAL CENTER, INC",Acute Care Hospitals,2,0,0,25441.0,2970.0
RIVERVIEW REGIONAL MEDICAL CENTER,Critical Access Hospitals,2,0,0,41883.0,6937.0
PERMIAN REGIONAL MEDICAL CENTER ANDREWS COUNTY HO,Acute Care Hospitals,3,0,0,70753.0,17577.0
HEREFORD REGIONAL MEDICAL CENTER,Acute Care Hospitals,2,1,0,51564.0,19066.0
EAST TEXAS MEDICAL CENTER - CARTHAGE,Acute Care Hospitals,2,0,0,48559.0,13779.0
CHRISTUS JASPER MEMORIAL HOSPITAL,Acute Care Hospitals,4,1,0,37002.0,16072.0
WILBARGER GENERAL HOSPITAL,Acute Care Hospitals,3,0,1,43592.0,12385.0
FREESTONE MEDICAL CENTER,Acute Care Hospitals,3,0,0,49130.0,6950.0
EL CAMPO MEMORIAL HOSPITAL,Acute Care Hospitals,2,0,0,50465.0,16875.0
THE HEART HOSPITAL BAYLOR DENTON,Acute Care Hospitals,5,1,0,74813.0,23463.0
MEMORIAL MEDICAL CENTER,Critical Access Hospitals,4,0,0,59675.0,17526.0
UT HEALTH EAST TEXAS PITTSBURG HOSPITAL,Critical Access Hospitals,5,0,0,44394.0,13047.0
ASCENSION SETON EDGAR B DAVIS,Critical Access Hospitals,4,0,0,43385.0,7791.0
"PAGE MEMORIAL HOSPITAL, INC",Critical Access Hospitals,3,1,0,49434.0,11591.0
POTOMAC VALLEY HOSPITAL,Critical Access Hospitals,4,0,0,38732.0,13333.0
THEDACARE MEDICAL CENTER - NEW LONDON,Critical Access Hospitals,3,0,0,55898.0,13790.0
CROSSING RIVERS HEALTH MEDICAL CENTER,Critical Access Hospitals,4,0,0,46345.0,8287.0
MEMORIAL HOSPITAL OF CONVERSE COUNTY,Critical Access Hospitals,3,0,0,64646.0,10035.0
FAYETTE MEDICAL CENTER,Acute Care Hospitals,4,0,0,38070.0,9619.0
BAPTIST HEALTH - VAN BUREN,Acute Care Hospitals,4,0,0,42796.0,34694.0
UCHEALTH PIKES PEAK REGIONAL HOSPITAL,Critical Access Hospitals,4,0,0,77348.0,12876.0
ARKANSAS VALLEY REGIONAL MEDICAL CENTER,Critical Access Hospitals,1,0,0,33091.0,9064.0
NORTH CANYON MEDICAL CENTER,Critical Access Hospitals,3,1,0,44153.0,6480.0
MINIDOKA MEMORIAL HOSPITAL,Critical Access Hospitals,4,2,0,44701.0,12418.0
ST JOSEPHS HOSPITAL,Acute Care Hospitals,4,1,0,69673.0,6242.0
PARIS COMMUNITY HOSPITAL,Critical Access Hospitals,3,2,0,45826.0,11918.0
"PARKVIEW WABASH HOSPITAL, INC",Critical Access Hospitals,4,2,0,48068.0,16251.0
HARRISON COUNTY HOSPITAL,Critical Access Hospitals,4,0,0,55806.0,16704.0
WAVERLY HEALTH CENTER,Critical Access Hospitals,3,1,0,67874.0,12156.0
SOUTH CENTRAL KS  MED CENTER,Acute Care Hospitals,3,1,0,41619.0,15902.0
NEOSHO MEMORIAL REGIONAL MEDICAL CENTER,Critical Access Hospitals,3,0,1,42614.0,11381.0
WILLIAM NEWTON HOSPITAL,Critical Access Hospitals,2,0,0,50811.0,14690.0
JEWISH HOSPITAL - SHELBYVILLE,Acute Care Hospitals,3,0,0,59402.0,30587.0
BOURBON COMMUNITY HOSPITAL,Acute Care Hospitals,3,0,0,49053.0,18375.0
SAINT JOSEPH BEREA,Critical Access Hospitals,5,1,0,46106.0,24575.0
AVOYELLES HOSPITAL,Acute Care Hospitals,2,0,1,29755.0,10729.0
FRANKLIN MEDICAL CENTER,Acute Care Hospitals,3,0,0,32575.0,14202.0
BRIDGTON HOSPITAL,Critical Access Hospitals,3,1,0,48524.0,5282.0
LAUREL REGIONAL MEDICAL CENTER,Acute Care Hospitals,1,0,1,78183.0,32843.0
MERCY HOSPITAL LINCOLN,Critical Access Hospitals,4,0,0,63411.0,24878.0
CABINET PEAKS MEDICAL CENTER,Critical Access Hospitals,3,1,0,37685.0,9453.0
MARCUS DALY MEMORIAL HOSPITAL - CAH,Critical Access Hospitals,3,1,0,37382.0,13597.0
BRODSTONE MEMORIAL HOSP,Critical Access Hospitals,4,1,0,37591.0,2104.0
MEMORIAL HEALTH CARE SYSTEMS,Critical Access Hospitals,4,0,0,64538.0,8652.0
VALLEY REGIONAL HOSPITAL,Critical Access Hospitals,4,2,0,47009.0,13739.0
ST JAMES MERCY HOSPITAL,Acute Care Hospitals,2,1,0,44792.0,12919.0
JAMESTOWN REGIONAL MEDICAL CENTER,Critical Access Hospitals,2,0,0,55379.0,17078.0
AULTMAN ORRVILLE HOSPITAL,Critical Access Hospitals,4,0,0,53148.0,13909.0
ADAMS COUNTY REGIONAL MEDICAL CENTER,Critical Access Hospitals,1,1,0,41786.0,2296.0
HILLCREST HOSPITAL CUSHING,Acute Care Hospitals,3,0,0,41993.0,11479.0
COQUILLE VALLEY HOSPITAL DISTRICT,Critical Access Hospitals,3,0,1,35169.0,6579.0
LOCK HAVEN HOSPITAL,Acute Care Hospitals,4,1,0,42630.0,18948.0
TYLER MEMORIAL HOSPITAL,Acute Care Hospitals,3,0,0,59684.0,11996.0
GUTHRIE TOWANDA MEMORIAL HOSPITAL,Acute Care Hospitals,3,0,0,47500.0,8542.0
ENDLESS MOUNTAINS HEALTH SYSTEMS,Critical Access Hospitals,2,0,0,56522.0,8134.0
PENN HIGHLANDS BROOKVILLE,Critical Access Hospitals,4,0,0,51208.0,8922.0
TITUSVILLE HOSPITAL,Critical Access Hospitals,5,0,0,42039.0,10999.0
HIMA SAN PABLO BAYAMON,Acute Care Hospitals,1,0,2,28455.0,31017.0
UNITY MEDICAL CENTER,Acute Care Hospitals,4,1,0,49663.0,25867.0
MILAN GENERAL HOSPITAL,Acute Care Hospitals,2,0,1,46681.0,11524.0
TENNOVA HEALTHCARE-SHELBYVILLE,Acute Care Hospitals,3,0,0,45418.0,34037.0
SAINT THOMAS HIGHLANDS HOSPITAL,Acute Care Hospitals,3,1,0,37962.0,24103.0
COLUMBUS COMMUNITY HOSPITAL,Acute Care Hospitals,4,0,0,44775.0,6238.0
CUERO REGIONAL HOSPITAL,Acute Care Hospitals,4,1,0,59512.0,12256.0
STARR COUNTY MEMORIAL HOSPITAL,Acute Care Hospitals,2,0,0,30634.0,42644.0
UT HEALTH EAST TEXAS QUITMAN HOSPITAL,Critical Access Hospitals,5,0,0,46367.0,7559.0
CARILION STONEWALL JACKSON HOSPITAL,Critical Access Hospitals,2,1,0,52176.0,16715.0
PROVIDENCE MOUNT CARMEL HOSPITAL,Critical Access Hospitals,3,1,0,44658.0,12038.0
WHITMAN HOSPITAL AND MEDICAL CENTER,Critical Access Hospitals,3,1,0,52792.0,4312.0
ASTRIA SUNNYSIDE HOSPITAL,Critical Access Hospitals,2,1,0,43434.0,22442.0
MAYO CLINIC HEALTH SYSTEM-NORTHLAND,Critical Access Hospitals,2,2,0,47619.0,5610.0
TOMAH MEMORIAL HOSPITAL,Critical Access Hospitals,2,1,0,54355.0,16240.0
RIVER FALLS AREA HOSPITAL,Critical Access Hospitals,4,0,0,67107.0,22898.0
POWELL VALLEY HOSPITAL,Critical Access Hospitals,4,1,0,60199.0,11719.0
MONROE COUNTY HOSPITAL,Acute Care Hospitals,3,0,0,26172.0,10415.0
SANTA CRUZ VALLEY REGIONAL HOSPITAL,Acute Care Hospitals,1,2,0,49915.0,23229.0
STONE COUNTY MEDICAL CENTER,Critical Access Hospitals,5,0,0,32105.0,9116.0
OZARK HEALTH,Critical Access Hospitals,4,0,0,35112.0,7123.0
MERCY MEDICAL CENTER OF MT SHASTA,Critical Access Hospitals,3,2,0,39275.0,6991.0
HEALDSBURG DISTRICT HOSPITAL,Critical Access Hospitals,3,1,0,78515.0,17666.0
SOUTHWEST MEMORIAL HOSPITAL,Critical Access Hospitals,3,2,0,45036.0,14960.0
CENTURA HEALTH-ST THOMAS MORE HOSPITAL,Critical Access Hospitals,3,0,0,44535.0,30053.0
FRANKLIN COUNTY MEDICAL CENTER,Critical Access Hospitals,3,1,0,50727.0,9264.0
WABASH GENERAL HOSPITAL 1,Critical Access Hospitals,4,2,0,48682.0,9713.0
PERRY MEMORIAL HOSPITAL,Critical Access Hospitals,2,1,1,56156.0,10728.0
DUKES MEMORIAL HOSPITAL,Critical Access Hospitals,3,0,0,42829.0,23323.0
UNITYPOINT HEALTH - MARSHALLTOWN,Acute Care Hospitals,2,0,0,51263.0,31221.0
WASHINGTON COUNTY HOSPITAL AND CLINICS,Critical Access Hospitals,3,0,0,51678.0,9284.0
AVERA HOLY FAMILY HOSPITAL,Critical Access Hospitals,3,0,0,50833.0,7000.0
WAYNE COUNTY HOSPITAL,Critical Access Hospitals,3,0,1,50195.0,2507.0
ORANGE CITY AREA HEALTH SYSTEM,Critical Access Hospitals,2,0,0,74375.0,7414.0
COFFEY COUNTY HOSPITAL,Critical Access Hospitals,4,0,0,61620.0,3812.0
OHIO COUNTY HOSPITAL,Critical Access Hospitals,3,0,0,42402.0,6218.0
FAIRVIEW HOSPITAL,Critical Access Hospitals,5,0,0,65214.0,8359.0
HILLS & DALES GENERAL HOSPITAL,Critical Access Hospitals,4,0,1,47500.0,5891.0
SPARROW EATON HOSPITAL,Critical Access Hospitals,4,1,0,56525.0,21085.0
ALLEGAN GENERAL HOSPITAL,Critical Access Hospitals,3,0,0,54619.0,17701.0
ASPIRUS IRONWOOD HOSPITAL,Critical Access Hospitals,3,0,0,34106.0,7447.0
SOUTHEASTHEALTH CENTER OF STODDARD COUNTY,Acute Care Hospitals,2,0,0,39678.0,13434.0
BOONE COUNTY HEALTH CENTER,Critical Access Hospitals,4,0,0,55200.0,2742.0
"COMMUNITY MEDICAL CENTER, INC.",Critical Access Hospitals,4,1,0,48125.0,5070.0
BOX BUTTE GENERAL HOSPITAL,Critical Access Hospitals,4,2,0,55750.0,9994.0
MESA VIEW REGIONAL HOSPITAL,Critical Access Hospitals,2,2,0,47642.0,17467.0
HUMBOLDT GENERAL HOSPITAL,Critical Access Hospitals,2,0,0,73470.0,16309.0
WEEKS MEDICAL CENTER,Critical Access Hospitals,2,0,1,49390.0,3726.0
J ARTHUR DOSHER MEMORIAL HOSPITAL,Critical Access Hospitals,4,0,0,62524.0,19287.0
MERCY HEALTH - WILLARD HOSPITAL,Critical Access Hospitals,5,1,0,51057.0,11387.0
FOSTORIA COMMUNITY HOSPITAL,Critical Access Hospitals,3,0,0,39966.0,18713.0
OHIOHEALTH SHELBY HOSPITAL,Critical Access Hospitals,4,1,0,46354.0,13175.0
SAMARITAN NORTH LINCOLN HOSPITAL,Critical Access Hospitals,4,1,0,38028.0,9277.0
SAMARITAN PACIFIC COMMUNITY HOSPITAL,Critical Access Hospitals,3,0,0,42119.0,11260.0
SAMARITAN LEBANON COMMUNITY HOSPITAL,Critical Access Hospitals,2,1,0,45620.0,29010.0
BAPTIST MEMORIAL HOSPITAL TIPTON,Acute Care Hospitals,3,0,2,37485.0,15824.0
MEMORIAL HOSPITAL,Critical Access Hospitals,2,0,1,54278.0,16010.0
UVALDE MEMORIAL HOSPITAL,Critical Access Hospitals,3,0,0,40837.0,22156.0
NORTH COUNTRY HOSPITAL AND HEALTH CENTER,Critical Access Hospitals,2,0,0,47200.0,7103.0
AMERY HOSPITAL & CLINIC,Critical Access Hospitals,3,0,0,54426.0,7684.0
ST CROIX REGIONAL MEDICAL CTR,Critical Access Hospitals,4,2,0,50735.0,4796.0
LANGLADE HOSPITAL,Critical Access Hospitals,5,1,0,42903.0,12791.0
WASHAKIE MEDICAL CENTER,Critical Access Hospitals,2,0,0,50966.0,7716.0
JEFFERSON COUNTY HEALTH CENTER,Critical Access Hospitals,2,0,0,42064.0,13496.0
SPARROW CLINTON HOSPITAL,Critical Access Hospitals,1,0,0,57714.0,17819.0
OSF ST FRANCIS HOSPITAL AND MEDICAL GROUP,Critical Access Hospitals,4,2,0,36880.0,17131.0
SANFORD WORTHINGTON MEDICAL CENTER,Acute Care Hospitals,3,0,0,51552.0,14535.0
BLUE RIDGE REGIONAL HOSPITAL,Critical Access Hospitals,2,1,0,43216.0,10119.0
HIGHLAND DISTRICT HOSPITAL,Critical Access Hospitals,3,1,0,41789.0,24278.0
BROOKINGS HEALTH SYSTEM,Acute Care Hospitals,2,1,0,50233.0,25869.0
COPLEY HOSPITAL,Critical Access Hospitals,4,1,0,49452.0,5810.0
THEDACARE MEDICAL CENTER-WAUPACA,Critical Access Hospitals,2,2,0,55821.0,15344.0
HAYWARD AREA MEMORIAL HOSPITAL,Critical Access Hospitals,3,0,0,44311.0,11638.0
THEDACARE MEDICAL CENTER - SHAWANO,Critical Access Hospitals,4,0,0,49943.0,16746.0
BANNER PAYSON MEDICAL CENTER,Critical Access Hospitals,3,0,0,42849.0,21546.0
HEART OF THE ROCKIES REGIONAL MEDICAL CENTER,Critical Access Hospitals,5,1,0,51691.0,8941.0
ST FRANCIS HOSPITAL,Critical Access Hospitals,4,0,0,47392.0,8671.0
WINNESHIEK MEDICAL CENTER,Critical Access Hospitals,2,0,0,63306.0,13467.0
MYRTUE MEDICAL CENTER,Critical Access Hospitals,4,0,0,56094.0,6389.0
STE GENEVIEVE COUNTY MEMORIAL HOSPITAL,Critical Access Hospitals,4,0,0,49794.0,10835.0
FRANCES MAHON DEACONESS HOSPITAL,Critical Access Hospitals,2,1,0,60586.0,4580.0
YORK GENERAL HOSPITAL,Critical Access Hospitals,3,0,0,55152.0,9486.0
CARSON VALLEY MEDICAL CENTER,Critical Access Hospitals,3,0,0,60030.0,10895.0
UNIVERSITY HOSPITALS GENEVA MEDICAL CENTER,Critical Access Hospitals,4,1,0,40336.0,14375.0
FULTON COUNTY HEALTH CENTER,Critical Access Hospitals,1,0,0,55199.0,13060.0
MEMORIAL MEDICAL CENTER,Critical Access Hospitals,3,0,0,44875.0,11569.0
COBRE VALLEY REGIONAL MEDICAL CENTER,Critical Access Hospitals,3,1,0,41485.0,12657.0
LAKELAND COMMUNITY HOSPITAL,Acute Care Hospitals,5,1,0,31781.0,12977.0
FORT DEFIANCE INDIAN HOSPITAL,Acute Care Hospitals,2,0,0,30191.0,7001.0
NORTH METRO MEDICAL CENTER,Acute Care Hospitals,3,0,0,45770.0,38780.0
GLENDORA OAKS BEHAVIORAL HEALTH HOSPITAL,Acute Care Hospitals,5,0,1,76825.0,26067.0
PACIFICA HOSPITAL OF THE VALLEY,Acute Care Hospitals,1,0,0,52171.0,47934.0
LAKESIDE MEDICAL CENTER,Acute Care Hospitals,2,0,0,25830.0,22383.0
ROSELAND COMMUNITY HOSPITAL,Acute Care Hospitals,1,0,0,38206.0,67942.0
MONROE COUNTY MEDICAL CENTER,Acute Care Hospitals,1,0,2,34658.0,7953.0
WEBSTER GENERAL HOSPITAL/ SWING BED,Acute Care Hospitals,4,1,0,29493.0,5496.0
FRANKLIN REGIONAL HOSPITAL,Critical Access Hospitals,3,0,0,48429.0,8607.0
CHEROKEE NATION W W HASTINGS INDIAN HOSPITAL,Acute Care Hospitals,4,0,0,35529.0,31494.0
UT HEALTH EAST TEXAS HENDERSON HOSPITAL,Acute Care Hospitals,4,0,0,46197.0,17061.0
BAYLOR SCOTT & WHITE HEART & VASCULAR HOSPITAL - DALLAS,Acute Care Hospitals,5,0,0,52587.0,4790.0
COULEE MEDICAL CENTER,Critical Access Hospitals,2,0,1,41602.0,1669.0
JACKSON GENERAL HOSPITAL,Critical Access Hospitals,4,0,0,36238.0,9678.0
DALE MEDICAL CENTER,Acute Care Hospitals,4,0,0,42549.0,19242.0
COMMUNITY HOSPITAL INC,Acute Care Hospitals,4,0,0,51393.0,12713.0
WIREGRASS MEDICAL CENTER,Acute Care Hospitals,4,1,1,36782.0,5851.0
MEDICAL CENTER BARBOUR,Acute Care Hospitals,2,0,0,34888.0,15607.0
EVERGREEN MEDICAL CENTER,Acute Care Hospitals,2,0,0,28968.0,8143.0
THE HEALTH CARE AUTHORITY OF THE CITY OF GREENVILLE- LV STABLER HOSPITAL,Acute Care Hospitals,2,0,0,38362.0,13361.0
ATMORE COMMUNITY HOSPITAL,Acute Care Hospitals,3,0,0,34985.0,18853.0
FORREST CITY MEDICAL CENTER,Acute Care Hospitals,2,0,1,34713.0,19523.0
GREAT RIVER MEDICAL CENTER,Acute Care Hospitals,1,0,2,39806.0,22683.0
BAPTIST HEALTH MEDICAL CENTER-HOT SPRINGS COUNTY,Acute Care Hospitals,4,0,0,39577.0,23610.0
HELENA REGIONAL MEDICAL CENTER,Acute Care Hospitals,3,0,0,24224.0,5422.0
OAK VALLEY HOSPITAL DISTRICT,Acute Care Hospitals,2,0,1,59827.0,34140.0
COMMUNITY HOSPITAL OF HUNTINGTON PARK,Acute Care Hospitals,2,0,0,40325.0,75636.0
EAST LOS ANGELES DOCTORS HOSPITAL,Acute Care Hospitals,2,0,3,40225.0,47229.0
ADVENTIST HEALTH HOWARD MEMORIAL,Critical Access Hospitals,5,2,0,42326.0,12655.0
NORTHERN INYO HOSPITAL,Critical Access Hospitals,2,1,0,55208.0,14574.0
MENDOCINO COAST DISTRICT HOSPITAL,Critical Access Hospitals,3,1,0,46366.0,14489.0
"TY COBB REGIONAL MEDICAL CENTER, LLC",Acute Care Hospitals,3,0,0,43986.0,7907.0
BARROW REGIONAL MEDICAL CENTER,Acute Care Hospitals,2,0,0,53263.0,42196.0
DORMINY MEDICAL CENTER,Acute Care Hospitals,2,0,0,34111.0,18539.0
EMANUEL MEDICAL CENTER,Acute Care Hospitals,4,0,0,33677.0,13373.0
CASSIA REGIONAL HOSPITAL,Critical Access Hospitals,2,0,0,45968.0,17044.0
RED BUD REGIONAL HOSPITAL,Critical Access Hospitals,4,0,0,60651.0,6603.0
WOODLAWN HOSPITAL,Critical Access Hospitals,4,1,0,47698.0,14491.0
SAINT JOHN HOSPITAL,Acute Care Hospitals,5,0,0,60208.0,36145.0
CLARA BARTON HOSPITAL,Critical Access Hospitals,3,1,0,49119.0,3045.0
LOGAN MEMORIAL HOSPITAL,Acute Care Hospitals,4,0,0,37509.0,14195.0
THE MEDICAL CENTER AT ALBANY,Acute Care Hospitals,2,0,0,31130.0,10182.0
KENTUCKY RIVER MEDICAL CENTER,Acute Care Hospitals,2,0,1,26697.0,10956.0
WEST CARROLL MEMORIAL HOSPITAL,Acute Care Hospitals,1,0,0,39563.0,8188.0
CLAIBORNE MEMORIAL MEDICAL CENTER,Acute Care Hospitals,3,0,0,25831.0,9286.0
MOREHOUSE GENERAL HOSPITAL,Acute Care Hospitals,2,0,0,31287.0,22382.0
ST BERNARD PARISH HOSPITAL,Acute Care Hospitals,3,1,0,43590.0,22907.0
MILLINOCKET REGIONAL HOSPITAL,Critical Access Hospitals,4,0,0,33266.0,4768.0
NORTHERN LIGHT MAYO HOSPITAL,Critical Access Hospitals,3,1,0,43395.0,4574.0
RIVERWOOD HEALTHCARE CENTER,Critical Access Hospitals,3,0,0,48450.0,8785.0
BAPTIST MEMORIAL HOSPITAL BOONEVILLE,Acute Care Hospitals,5,1,0,31915.0,18969.0
WAYNE GENERAL HOSPITAL,Acute Care Hospitals,2,0,0,36576.0,15135.0
MARION GENERAL HOSPITAL,Acute Care Hospitals,2,1,0,30991.0,16840.0
SOUTH SUNFLOWER COUNTY HOSPITAL,Acute Care Hospitals,2,0,0,28217.0,10884.0
MAGEE GENERAL HOSPITAL,Acute Care Hospitals,2,0,1,32909.0,9512.0
PANOLA MEDICAL CENTER,Acute Care Hospitals,2,0,0,41342.0,15109.0
CENTRAL MONTANA MEDICAL CENTER,Critical Access Hospitals,5,2,0,46646.0,9037.0
CHI HEALTH NEBRASKA HEART,Acute Care Hospitals,3,1,0,111296.0,6399.0
NEW LONDON HOSPITAL,Critical Access Hospitals,3,0,0,73068.0,4711.0
WYOMING COUNTY COMMUNITY HOSPITAL,Acute Care Hospitals,2,0,2,55994.0,5998.0
MONTEFIORE MOUNT VERNON HOSPITAL,Acute Care Hospitals,1,0,1,43900.0,37014.0
VIDANT DUPLIN HOSPITAL,Acute Care Hospitals,3,0,0,37169.0,3094.0
PERSON MEMORIAL HOSPITAL,Acute Care Hospitals,2,0,0,28076.0,11203.0
COSHOCTON REGIONAL MEDICAL CENTER,Acute Care Hospitals,4,0,0,39231.0,18582.0
HOLZER MEDICAL CENTER JACKSON,Critical Access Hospitals,4,1,0,42488.0,16093.0
MUSCOGEE (CREEK) NATION MEDICAL CENTER,Acute Care Hospitals,3,0,0,33356.0,16604.0
PEACE HARBOR MEDICAL CENTER,Critical Access Hospitals,4,1,0,38757.0,14222.0
ADVENTIST HEALTH TILLAMOOK,Critical Access Hospitals,3,1,0,46081.0,13529.0
SUNBURY COMMUNITY HOSPITAL,Acute Care Hospitals,4,1,0,43742.0,16139.0
WASHINGTON HEALTH SYSTEM GREENE,Acute Care Hospitals,3,0,0,56122.0,14889.0
HIGHLANDS HOSPITAL,Acute Care Hospitals,3,0,0,38654.0,19139.0
LAKE CITY COMMUNITY HOSPITAL,Acute Care Hospitals,2,0,0,31731.0,13546.0
AVERA HEART HOSPITAL OF SOUTH DAKOTA,Acute Care Hospitals,5,2,0,94094.0,21402.0
BAPTIST MEMORIAL HOSPITAL - CARROLL COUNTY,Acute Care Hospitals,2,0,1,39471.0,8065.0
HAWKINS COUNTY MEMORIAL HOSPITAL,Acute Care Hospitals,3,0,0,32996.0,20015.0
CLAIBORNE MEDICAL CENTER,Acute Care Hospitals,2,0,0,36402.0,10882.0
PARKVIEW REGIONAL HOSPITAL,Acute Care Hospitals,4,0,0,40760.0,11261.0
EASTLAND MEMORIAL HOSPITAL,Acute Care Hospitals,3,1,0,31330.0,5224.0
GIFFORD MEDICAL CENTER,Critical Access Hospitals,3,1,0,54485.0,4546.0
NORTHEASTERN VERMONT REGIONAL HOSPITAL,Critical Access Hospitals,3,1,0,44375.0,9394.0
RUSSELL COUNTY HOSPITAL,Acute Care Hospitals,3,0,1,47540.0,9322.0
CENTRA BEDFORD MEMORIAL HOSPITAL,Acute Care Hospitals,3,1,0,49769.0,20009.0
BON SECOURS SOUTHERN VIRGINIA MEDICAL CENTER,Acute Care Hospitals,2,0,0,33708.0,15145.0
BUCHANAN GENERAL HOSPITAL,Acute Care Hospitals,3,0,1,34347.0,7237.0
STONESPRINGS HOSPITAL CENTER,Acute Care Hospitals,3,0,0,98979.0,10032.0
ASTRIA TOPPENISH HOSPITAL,Acute Care Hospitals,3,0,0,43106.0,13067.0
PROSSER MEMORIAL HOSPITAL,Critical Access Hospitals,3,0,0,56713.0,13802.0
COLUMBUS COMMUNITY HOSPITAL,Critical Access Hospitals,3,0,0,66218.0,7916.0
DOOR COUNTRY MEDICAL CENTER,Critical Access Hospitals,4,1,0,54777.0,16606.0
MIZELL MEMORIAL HOSPITAL,Acute Care Hospitals,2,0,0,34183.0,9647.0
NORTHWEST MEDICAL CENTER,Acute Care Hospitals,3,0,0,37239.0,7041.0
ST VINCENT'S ST CLAIR,Acute Care Hospitals,3,0,0,40700.0,10422.0
SHOALS HOSPITAL,Acute Care Hospitals,3,0,0,52331.0,17170.0
MAD RIVER COMMUNITY HOSPITAL,Acute Care Hospitals,3,1,0,34352.0,21311.0
BARSTOW COMMUNITY HOSPITAL,Acute Care Hospitals,2,1,0,41757.0,33938.0
CHINESE HOSPITAL,Acute Care Hospitals,3,1,0,66422.0,26942.0
MEMORIAL HOSPITAL LOS BANOS,Acute Care Hospitals,2,0,0,46967.0,40550.0
LA PALMA INTERCOMMUNITY HOSPITAL,Acute Care Hospitals,3,0,0,91131.0,15882.0
DODGE COUNTY HOSPITAL,Acute Care Hospitals,2,0,0,35198.0,14204.0
GRADY GENERAL HOSPITAL,Acute Care Hospitals,3,0,1,37015.0,14767.0
MEMORIAL HOSPITAL AND MANOR,Acute Care Hospitals,2,0,0,41786.0,10564.0
WAHIAWA GENERAL HOSPITAL,Acute Care Hospitals,3,1,1,59284.0,44719.0
CARLE RICHLAND MEMORIAL HOSPITAL,Acute Care Hospitals,2,0,0,43484.0,12317.0
WESTLAKE HOSPITAL,Acute Care Hospitals,3,0,1,47759.0,25559.0
HAMMOND HENRY HOSPITAL,Critical Access Hospitals,3,1,0,66824.0,11169.0
PARKVIEW WHITLEY HOSPITAL,Acute Care Hospitals,4,0,0,56953.0,22838.0
TRINITY MUSCATINE,Acute Care Hospitals,4,1,0,55714.0,30401.0
MCPHERSON HOSPITAL,Acute Care Hospitals,3,0,0,56143.0,15224.0
MANCHESTER MEMORIAL HOSPITAL,Acute Care Hospitals,3,0,1,24739.0,18403.0
PAUL B HALL REGIONAL MEDICAL CENTER,Acute Care Hospitals,2,0,0,38829.0,6960.0
THREE RIVERS MEDICAL CENTER,Acute Care Hospitals,3,0,0,31523.0,12086.0
OUR LADY OF THE ANGELS HOSPITAL,Acute Care Hospitals,3,0,0,30836.0,19258.0
LINCOLNHEALTH,Critical Access Hospitals,4,1,0,54671.0,2016.0
BRONSON SOUTH HAVEN HOSPITAL,Acute Care Hospitals,3,0,0,43812.0,13958.0
SPECTRUM HEALTH BIG RAPIDS HOSPITAL,Acute Care Hospitals,3,1,0,40219.0,20653.0
ASCENSION RIVER DISTRICT HOSPITAL,Acute Care Hospitals,3,0,0,66699.0,7195.0
BRONSON LAKEVIEW HOSPITAL,Critical Access Hospitals,3,0,0,58471.0,13359.0
MERIT HEALTH MADISON,Acute Care Hospitals,3,0,0,46519.0,27592.0
DELTA HEALTH-NORTHWEST REGIONAL,Acute Care Hospitals,2,0,0,30721.0,18889.0
CROSSGATES RIVER OAKS HOSPITAL,Acute Care Hospitals,1,0,0,68002.0,37582.0
OCHSNER MEDICAL CENTER-HANCOCK,Acute Care Hospitals,4,0,0,40740.0,17439.0
METHODIST HEALTHCARE - OLIVE BRANCH HOSPITAL,Acute Care Hospitals,4,0,0,74385.0,50990.0
BATES COUNTY MEMORIAL HOSPITAL,Acute Care Hospitals,4,0,0,39383.0,6559.0
NEVADA REGIONAL MEDICAL CENTER,Acute Care Hospitals,4,1,0,41680.0,13864.0
NORTH VALLEY HOSPITAL,Critical Access Hospitals,4,0,0,57965.0,13656.0
AVERA ST ANTHONY'S HOSPITAL,Critical Access Hospitals,1,0,1,51990.0,4723.0
ALICE PECK DAY MEMORIAL HOSPITAL,Critical Access Hospitals,5,0,0,67597.0,9275.0
SALEM MEDICAL CENTER,Acute Care Hospitals,2,1,0,42357.0,10353.0
HUDSON REGIONAL HOSPITAL,Acute Care Hospitals,1,0,4,99883.0,19279.0
ALTA VISTA REGIONAL HOSPITAL,Acute Care Hospitals,3,0,0,28023.0,19168.0
REHOBOTH MCKINLEY CHRISTIAN HEALTH CARE SERVICES,Acute Care Hospitals,1,1,0,42325.0,23878.0
"ROME MEMORIAL HOSPITAL, INC",Acute Care Hospitals,2,0,2,51580.0,42295.0
MADISON HEALTH,Acute Care Hospitals,2,0,1,63829.0,24459.0
UH CONNEAUT MEDICAL CENTER,Critical Access Hospitals,5,1,0,42428.0,15911.0
"HENRY COUNTY HOSPITAL, INC",Critical Access Hospitals,3,0,0,57092.0,14208.0
GRADY MEMORIAL HOSPITAL,Acute Care Hospitals,3,1,0,43893.0,20033.0
WAGONER COMMUNITY HOSPITAL,Acute Care Hospitals,2,0,1,40429.0,15226.0
LOWER BUCKS HOSPITAL,Acute Care Hospitals,2,0,0,47702.0,20851.0
PUNXSUTAWNEY AREA HOSPITAL,Acute Care Hospitals,3,2,0,42577.0,14435.0
EXCELA HEALTH - FRICK HOSPITAL,Acute Care Hospitals,3,0,0,52365.0,16302.0
JENNERSVILLE HOSPITAL,Acute Care Hospitals,2,0,0,80363.0,14062.0
ROXBOROUGH MEMORIAL HOSPITAL,Acute Care Hospitals,3,0,0,67530.0,37550.0
MCLEOD MEDICAL CENTER - DILLON,Acute Care Hospitals,2,0,1,30596.0,16879.0
MUSC HEALTH CHESTER MEDICAL CENTER,Acute Care Hospitals,3,0,1,33092.0,18664.0
CHEROKEE MEDICAL CENTER,Acute Care Hospitals,2,0,0,33011.0,22388.0
MUSC HEALTH MARION MEDICAL CENTER,Acute Care Hospitals,2,0,1,29052.0,11889.0
COASTAL CAROLINA HOSPITAL,Acute Care Hospitals,3,1,0,40189.0,9445.0
MCLEOD HEALTH CLARENDON,Acute Care Hospitals,3,0,0,36365.0,17518.0
SOUTHERN TENNESSEE REGIONAL HEALTH SYSTEM LAWRENCE,Acute Care Hospitals,3,1,0,39462.0,21689.0
LIVINGSTON REGIONAL HOSPITAL,Acute Care Hospitals,4,3,0,35171.0,9256.0
ROLLING PLAINS MEMORIAL HOSPITAL,Acute Care Hospitals,3,1,0,40998.0,12915.0
NORTH TEXAS MEDICAL CENTER,Acute Care Hospitals,2,0,1,56886.0,27123.0
VAL VERDE REGIONAL MEDICAL CENTER,Acute Care Hospitals,3,1,0,44659.0,48317.0
CHRISTUS SPOHN HOSPITAL KLEBERG,Acute Care Hospitals,2,0,3,41076.0,29963.0
BAYLOR SCOTT & WHITE MEDICAL CENTER - BRENHAM,Acute Care Hospitals,4,0,0,54721.0,29060.0
MEMORIAL HOSPITAL,Acute Care Hospitals,3,0,0,48507.0,12341.0
TEXAS HEALTH HARRIS METHODIST HOSPITAL AZLE,Acute Care Hospitals,2,0,1,60770.0,27714.0
CHRISTUS SPOHN HOSPITAL ALICE,Acute Care Hospitals,3,0,0,41112.0,28641.0
WARREN MEMORIAL HOSPITAL,Acute Care Hospitals,2,0,0,61819.0,32165.0
CARILION FRANKLIN MEMORIAL HOSPITAL,Acute Care Hospitals,1,0,0,44778.0,19788.0
CARILION GILES COMMUNITY HOSPITAL,Critical Access Hospitals,3,0,0,51348.0,4878.0
MASON GENERAL HOSPITAL & FAMILY OF CLINICS,Critical Access Hospitals,2,1,1,51183.0,37055.0
GRANT MEMORIAL HOSPITAL,Critical Access Hospitals,4,0,1,38167.0,6173.0
HCA HOUSTON HEALTHCARE PEARLAND,Acute Care Hospitals,2,0,1,106162.0,87121.0
D W MCMILLAN MEMORIAL HOSPITAL,Acute Care Hospitals,2,0,0,35331.0,15238.0
WHITFIELD REGIONAL HOSPITAL,Acute Care Hospitals,2,0,1,27377.0,8101.0
PEACEHEALTH KETCHIKAN MEDICAL CENTER,Critical Access Hospitals,3,0,0,67321.0,13768.0
FIVE RIVERS MEDICAL CENTER,Acute Care Hospitals,3,0,0,36473.0,12396.0
DREW MEMORIAL HOSPITAL,Acute Care Hospitals,2,0,0,36235.0,15106.0
BAPTIST HEALTH MEDICAL CENTER HEBER SPINGS,Critical Access Hospitals,2,1,0,43609.0,12139.0
FAIRCHILD MEDICAL CENTER,Critical Access Hospitals,1,2,0,35443.0,9726.0
PROVIDENCE REDWOOD MEMORIAL HOSPITAL,Critical Access Hospitals,4,0,0,46527.0,14001.0
TAHOE FOREST HOSPITAL,Critical Access Hospitals,2,0,0,89091.0,18369.0
SUTTER LAKESIDE HOSPITAL,Critical Access Hospitals,3,1,0,44533.0,10717.0
DOCTORS MEMORIAL HOSPITAL INC,Acute Care Hospitals,2,0,0,34662.0,12612.0
ADVENTHEALTH DADE CITY,Acute Care Hospitals,2,1,0,50654.0,19867.0
TANNER MEDICAL CENTER VILLA RICA,Acute Care Hospitals,2,0,2,58454.0,36823.0
ST. MARY'S GOOD SAMARITAN HOSPITAL,Critical Access Hospitals,2,1,0,50566.0,11449.0
ST LUKE'S NAMPA MEDICAL CENTER,Acute Care Hospitals,4,1,0,49712.0,32449.0
BINGHAM MEMORIAL HOSPITAL,Critical Access Hospitals,2,1,0,51326.0,26646.0
GRITMAN MEDICAL CENTER,Critical Access Hospitals,3,0,0,37364.0,26335.0
BONNER GENERAL HOSPITAL,Critical Access Hospitals,2,0,0,48351.0,18071.0
JERSEY COMMUNITY HOSPITAL,Acute Care Hospitals,3,0,0,51779.0,12464.0
THOREK MEMORIAL HOSPITAL,Acute Care Hospitals,2,0,2,79565.0,50553.0
IROQUOIS MEMORIAL HOSPITAL,Acute Care Hospitals,1,1,0,38290.0,7034.0
ST JOSEPH'S HOSPITAL,Critical Access Hospitals,3,1,0,62677.0,15520.0
TAYLORVILLE MEMORIAL HOSPITAL,Critical Access Hospitals,2,0,1,49079.0,16094.0
INDIANA UNIVERSITY HEALTH TIPTON HOSPITAL INC,Critical Access Hospitals,5,1,0,53268.0,9084.0
CAMERON MEMORIAL COMMUNITY HOSPITAL INC,Critical Access Hospitals,3,0,0,49493.0,17802.0
ADAMS MEMORIAL HOSPITAL,Critical Access Hospitals,2,0,0,49708.0,18984.0
CASS COUNTY MEMORIAL HOSPITAL,Critical Access Hospitals,4,0,0,43538.0,8173.0
MIAMI COUNTY MEDICAL CENTER,Acute Care Hospitals,4,0,0,60610.0,12465.0
SAINT LUKE'S CUSHING HOSPITAL,Acute Care Hospitals,4,0,0,60208.0,36145.0
NEWMAN REGIONAL HEALTH,Critical Access Hospitals,3,0,0,40020.0,28281.0
SPRING VIEW HOSPITAL,Acute Care Hospitals,2,1,0,37911.0,12779.0
HARRISON MEMORIAL HOSPITAL,Acute Care Hospitals,2,0,0,45390.0,15960.0
SAVOY MEDICAL CENTER,Acute Care Hospitals,4,0,0,31175.0,5583.0
CALAIS REGIONAL HOSPITAL,Critical Access Hospitals,3,0,0,34845.0,3018.0
DOWN EAST COMMUNITY HOSPITAL,Critical Access Hospitals,3,0,0,38232.0,3239.0
STURGIS HOSPITAL,Acute Care Hospitals,3,0,0,44455.0,19534.0
MIDMICHIGAN MEDICAL CENTER-CLARE,Acute Care Hospitals,3,0,0,47048.0,8662.0
SPARROW CARSON HOSPITAL,Acute Care Hospitals,3,1,0,39235.0,5305.0
ASPIRUS KEWEENAW HOSPITAL AND CLINICS,Critical Access Hospitals,3,1,0,36006.0,6869.0
BELL HOSPITAL,Critical Access Hospitals,4,2,0,48381.0,12599.0
SPECTRUM HEALTH GERBER MEMORIAL,Critical Access Hospitals,4,2,0,54277.0,11249.0
REGINA HOSPITAL,Acute Care Hospitals,4,0,0,71893.0,29960.0
WELIA HEALTH,Critical Access Hospitals,4,1,0,47980.0,9635.0
CASS REGIONAL MEDICAL CENTER,Critical Access Hospitals,3,1,0,50570.0,14275.0
MISSOURI BAPTIST SULLIVAN HOSPITAL,Critical Access Hospitals,4,0,0,42002.0,13220.0
COMMUNITY HOSPITAL OF ANACONDA,Critical Access Hospitals,4,1,0,41814.0,8942.0
HOLY ROSARY HEALTHCARE,Critical Access Hospitals,3,0,0,53098.0,11560.0
CHI HEALTH MIDLANDS,Acute Care Hospitals,4,1,0,88151.0,27681.0
"BEATRICE COMMUNITY HOSPITAL & HEALTH CENTER, INC",Critical Access Hospitals,2,0,0,48393.0,13760.0
"MEMORIAL HOSPITAL, THE",Critical Access Hospitals,2,0,0,59442.0,4299.0
LOS ALAMOS MEDICAL CENTER,Acute Care Hospitals,3,0,0,110190.0,18031.0
CARLSBAD MEDICAL CENTER,Acute Care Hospitals,1,0,0,63446.0,35488.0
COVENANT HEALTH HOBBS HOSPITAL,Acute Care Hospitals,2,1,0,57901.0,40188.0
HOLY CROSS HOSPITAL A DIV OF TAOS HEALTH SYSTEMS,Critical Access Hospitals,3,0,0,35145.0,11830.0
BON SECOURS COMMUNITY HOSPITAL,Acute Care Hospitals,2,0,1,52333.0,14201.0
"COMMUNITY MEMORIAL HOSPITAL, INC",Critical Access Hospitals,3,0,1,75690.0,6210.0
ST LUKES HOSPITAL,Critical Access Hospitals,4,1,0,46552.0,6809.0
POMERENE HOSPITAL,Acute Care Hospitals,4,1,0,58802.0,20892.0
MERCY ALLEN HOSPITAL,Critical Access Hospitals,3,0,0,57264.0,11430.0
ALLIANCEHEALTH WOODWARD,Acute Care Hospitals,3,1,0,55838.0,15289.0
HILLCREST HOSPITAL PRYOR,Acute Care Hospitals,3,1,0,47326.0,16465.0
PROVIDENCE SEASIDE HOSPITAL,Critical Access Hospitals,4,1,0,43240.0,10073.0
GRANDE RONDE HOSPITAL,Critical Access Hospitals,3,2,0,44561.0,16975.0
"NASON MEDICAL CENTER, LLC",Acute Care Hospitals,2,0,1,50188.0,5385.0
UPMC KANE,Acute Care Hospitals,4,0,0,45741.0,5847.0
WELLSPAN WAYNESBORO HOSPITAL,Acute Care Hospitals,4,0,0,54093.0,29386.0
UPMC COLE,Critical Access Hospitals,2,0,0,47804.0,6043.0
PENN HIGHLANDS ELK,Critical Access Hospitals,2,0,0,49279.0,12733.0
MONUMENT HEALTH SPEARFISH HOSPITAL,Acute Care Hospitals,3,0,0,46803.0,15273.0
SOUTHERN TENNESSEE REGIONAL HEALTH SYSTEM PULASKI,Acute Care Hospitals,4,1,0,43763.0,17305.0
VOLUNTEER COMMUNITY HOSPITAL,Acute Care Hospitals,3,0,0,36265.0,15933.0
GRAHAM REGIONAL MEDICAL CENTER,Acute Care Hospitals,4,0,0,49946.0,12885.0
CONNALLY MEMORIAL MEDICAL CENTER,Acute Care Hospitals,4,0,0,64631.0,22409.0
CHILDRESS REGIONAL MEDICAL CENTER,Acute Care Hospitals,3,0,0,40714.0,7066.0
MATAGORDA REGIONAL MEDICAL CENTER,Acute Care Hospitals,2,0,0,46104.0,23369.0
THE UNIVERSITY OF TEXAS HEALTH SCIENCE CENTER AT TYLER,Acute Care Hospitals,4,1,0,37247.0,7709.0
"PORTER HOSPITAL, INC",Critical Access Hospitals,3,0,0,60368.0,10454.0
SHENANDOAH MEMORIAL HOSPITAL,Critical Access Hospitals,2,1,0,46493.0,8882.0
JEFFERSON HEALTHCARE,Critical Access Hospitals,4,2,0,52410.0,15473.0
PULLMAN REGIONAL HOSPITAL,Critical Access Hospitals,4,1,0,32721.0,33998.0
KITTITAS VALLEY COMMUNITY HOSPITAL,Critical Access Hospitals,4,1,0,51473.0,32367.0
ST ELIZABETH HOSPITAL,Critical Access Hospitals,3,1,0,65296.0,21537.0
FAIRMONT REGIONAL MEDICAL CENTER,Acute Care Hospitals,2,0,0,49012.0,42090.0
PLATEAU MEDICAL CENTER,Critical Access Hospitals,3,2,0,35881.0,11325.0
JEFFERSON MEDICAL CENTER,Critical Access Hospitals,2,1,0,54817.0,6511.0
SAUK PRAIRIE HOSPITAL,Acute Care Hospitals,4,0,0,67034.0,6418.0
BLACK RIVER MEMORIAL HOSPITAL,Critical Access Hospitals,2,0,0,51943.0,10767.0
RICHLAND HOSPITAL,Critical Access Hospitals,3,0,1,47500.0,10193.0
WESTFIELDS HOSPITAL AND CLINIC,Critical Access Hospitals,4,0,0,69575.0,17229.0
MERCY WALWORTH HOSPITAL & MEDICAL CENTER,Critical Access Hospitals,3,1,0,60943.0,16797.0
EVANSTON REGIONAL HOSPITAL,Acute Care Hospitals,3,1,0,50829.0,14589.0
ST MARKS MEDICAL CENTER,Acute Care Hospitals,2,0,0,64063.0,10107.0
MARK TWAIN MEDICAL CENTER,Critical Access Hospitals,2,0,0,37034.0,4918.0
JOHNSON MEMORIAL HOSPITAL,Acute Care Hospitals,3,0,1,72500.0,12648.0
DAVIESS COMMUNITY HOSPITAL,Acute Care Hospitals,3,1,0,44903.0,17796.0
MEMORIAL HOSPITAL,Acute Care Hospitals,2,1,0,42191.0,28020.0
MONROE HOSPITAL,Acute Care Hospitals,4,0,0,49891.0,33052.0
INDIANA UNIVERSITY HEALTH BEDFORD HOSPITAL,Critical Access Hospitals,5,0,0,47011.0,27421.0
GRINNELL REGIONAL MEDICAL CENTER,Acute Care Hospitals,3,1,0,48635.0,11442.0
FRANKLIN MEMORIAL HOSPITAL,Acute Care Hospitals,4,1,0,40439.0,9687.0
NORTHERN MAINE MEDICAL CENTER,Acute Care Hospitals,2,0,1,41070.0,4665.0
REDINGTON FAIRVIEW GENERAL HOSPITAL,Critical Access Hospitals,5,2,0,35884.0,9721.0
MARTHA'S VINEYARD HOSPITAL INC,Critical Access Hospitals,4,1,0,66091.0,4675.0
CLAY COUNTY MEDICAL CORPORATION,Acute Care Hospitals,2,1,0,32788.0,15997.0
FITZGIBBON MEMORIAL HOSPITAL,Acute Care Hospitals,3,0,0,42140.0,15798.0
PHELPS MEMORIAL HEALTH CENTER,Critical Access Hospitals,4,0,0,53114.0,6370.0
LITTLETON REGIONAL HEALTHCARE,Critical Access Hospitals,2,0,0,39504.0,5916.0
CLIFTON SPRINGS HOSPITAL AND CLINIC,Acute Care Hospitals,3,0,1,59006.0,6142.0
PROVIDENCE HOOD RIVER MEMORIAL HOSPITAL,Critical Access Hospitals,2,0,1,57655.0,19132.0
UPMC BEDFORD MEMORIAL,Acute Care Hospitals,2,0,0,46825.0,8039.0
ST LUKE'S MINERS MEMORIAL HOSPITAL,Acute Care Hospitals,4,0,1,33944.0,2208.0
HURON REGIONAL MEDICAL CENTER,Critical Access Hospitals,2,0,0,47047.0,15312.0
HARDIN MEDICAL CENTER,Acute Care Hospitals,3,1,1,39048.0,17365.0
MEMORIAL HOSPITAL SWEETWATER COUNTY,Acute Care Hospitals,2,0,0,72633.0,29573.0
SUTTER COAST HOSPITAL,Acute Care Hospitals,2,1,0,41882.0,23092.0
STERLING REGIONAL MEDCENTER,Acute Care Hospitals,2,0,0,42392.0,17577.0
MERCYONE NEWTON MEDICAL CENTER,Acute Care Hospitals,3,2,0,51837.0,20716.0
MONTGOMERY COUNTY MEMORIAL HOSPITAL,Critical Access Hospitals,3,0,0,39365.0,6511.0
BUENA VISTA REGIONAL MEDICAL CENTER,Critical Access Hospitals,2,0,0,51835.0,12747.0
STEPHENS MEMORIAL HOSPITAL,Critical Access Hospitals,4,0,0,41034.0,4968.0
THREE RIVERS HEALTH,Acute Care Hospitals,3,0,0,49535.0,18068.0
NEW ULM MEDICAL CENTER,Critical Access Hospitals,3,1,0,58843.0,16519.0
PERRY COUNTY MEMORIAL HOSPITAL,Critical Access Hospitals,1,0,0,54123.0,16661.0
GREAT FALLS CLINIC HOSPITAL,Acute Care Hospitals,5,1,0,42756.0,31381.0
COMMUNITY HOSPITAL,Critical Access Hospitals,2,1,0,41386.0,9030.0
BANNER CHURCHILL COMMUNITY HOSPITAL,Critical Access Hospitals,3,0,0,46991.0,23989.0
MONADNOCK COMMUNITY HOSPITAL,Critical Access Hospitals,3,0,1,77688.0,6790.0
VIDANT CHOWAN HOSPITAL,Critical Access Hospitals,4,0,0,41162.0,12246.0
"THE OUTER BANKS HOSPITAL, INC",Critical Access Hospitals,3,2,0,56719.0,2868.0
MURPHY MEDICAL CENTER INC,Critical Access Hospitals,3,0,0,39216.0,19088.0
CHI ST ALEXIUS HEALTH WILLISTON,Critical Access Hospitals,2,0,0,91679.0,29330.0
MAGRUDER HOSPITAL,Critical Access Hospitals,4,1,0,49910.0,13600.0
PROMEDICA DEFIANCE REGIONAL HOSPITAL,Critical Access Hospitals,2,0,0,53520.0,27691.0
CLARION HOSPITAL,Acute Care Hospitals,2,0,0,33656.0,9679.0
RIVERSIDE SHORE MEMORIAL HOSPITAL,Acute Care Hospitals,3,1,0,49375.0,2980.0
RAPPAHANNOCK GENERAL HOSPITAL,Critical Access Hospitals,2,0,0,42352.0,2961.0
TRI-STATE MEMORIAL HOSPITAL,Critical Access Hospitals,1,1,0,47023.0,20415.0
WHIDBEYHEALTH MEDICAL CENTER,Critical Access Hospitals,2,1,0,64412.0,7105.0
MILE BLUFF MEDICAL CENTER,Acute Care Hospitals,3,2,0,48117.0,8101.0
SSM HEALTH ST. MARY'S HOSPITAL-AUDRAIN,Acute Care Hospitals,2,0,0,43682.0,15033.0
MARSHFIELD MEDICAL CENTER - EAU CLAIRE,Acute Care Hospitals,3,0,0,52861.0,40306.0
ARKANSAS SURGICAL HOSPITAL,Acute Care Hospitals,5,2,0,43679.0,20988.0
CRYSTAL CLINIC ORTHOPAEDIC CENTER,Acute Care Hospitals,5,1,0,34277.0,24838.0
HOSPITAL DE LA CONCEPCION,Acute Care Hospitals,2,0,0,15043.0,31627.0
"DOCTORS' CENTER HOSPITAL, INC",Acute Care Hospitals,1,0,1,18032.0,40826.0
TEXAS ORTHOPEDIC HOSPITAL,Acute Care Hospitals,5,0,0,75290.0,10813.0
BAYLOR SCOTT & WHITE TEXAS SPINE & JOINT HOSPITAL,Acute Care Hospitals,5,0,1,49030.0,34876.0
TUBA CITY REGIONAL HEALTH CARE CORPORATION,Acute Care Hospitals,3,0,0,44368.0,11885.0
ENCINO HOSPITAL MEDICAL CENTER,Acute Care Hospitals,4,0,1,159965.0,14794.0
HI-DESERT MEDICAL CENTER,Acute Care Hospitals,2,0,0,38405.0,9232.0
GOLETA VALLEY COTTAGE HOSPITAL,Acute Care Hospitals,5,1,0,107577.0,18334.0
MENIFEE GLOBAL MEDICAL CENTER,Acute Care Hospitals,2,0,1,65188.0,21077.0
ST. ANTHONY SUMMIT MEDICAL CENTER,Acute Care Hospitals,5,0,0,61404.0,4201.0
NEW ENGLAND BAPTIST HOSPITAL,Acute Care Hospitals,5,2,1,32243.0,15719.0
SURGICAL HOSPITAL AT SOUTHWOODS,Acute Care Hospitals,5,0,0,51803.0,33656.0
"COMMUNITY HOSPITAL, LLC",Acute Care Hospitals,5,1,0,47652.0,33496.0
FOUNDATION SURGICAL HOSPITAL OF EL PASO,Acute Care Hospitals,3,0,0,52785.0,111918.0
TEXAS HEALTH CENTER FOR DIAGNOSTICS & SURGERY,Acute Care Hospitals,3,0,0,102889.0,48021.0
PRATTVILLE BAPTIST HOSPITAL,Acute Care Hospitals,5,0,0,50840.0,28235.0
SAN MATEO MEDICAL CENTER,Acute Care Hospitals,2,0,0,112935.0,43393.0
ALAMEDA HOSPITAL,Acute Care Hospitals,2,0,0,81626.0,63762.0
HUNTINGTON BEACH HOSPITAL,Acute Care Hospitals,2,0,0,77761.0,62141.0
MIDWESTERN REGION MED CENTER,Acute Care Hospitals,3,1,1,50652.0,30961.0
HIGHLAND COMMUNITY  HOSPITAL,Acute Care Hospitals,2,0,2,42458.0,26741.0
PEMISCOT COUNTY MEMORIAL HOSPITAL,Acute Care Hospitals,2,0,2,24574.0,3938.0
HUGGINS HOSPITAL,Critical Access Hospitals,4,2,0,50907.0,6203.0
BERGEN NEW BRIDGE MEDICAL CENTER,Acute Care Hospitals,1,0,2,105114.0,26919.0
HEALTHALLIANCE HOSPITAL MARYS AVENUE CAMPUS,Acute Care Hospitals,3,0,0,51016.0,35258.0
DAVIE MEDICAL CENTER,Acute Care Hospitals,5,0,0,44609.0,26280.0
CHICKASAW NATION MEDICAL CENTER,Acute Care Hospitals,5,0,0,46394.0,31352.0
MCBRIDE ORTHOPEDIC HOSPITAL,Acute Care Hospitals,5,1,0,35012.0,18641.0
EASTERN REGIONAL MEDICAL CENTER,Acute Care Hospitals,2,0,0,31219.0,68905.0
LAFOLLETTE MEDICAL CENTER,Acute Care Hospitals,4,0,1,33005.0,18075.0
NEWPORT MEDICAL CENTER,Acute Care Hospitals,4,1,0,29631.0,21901.0
METHODIST HOSPITAL SOUTH,Acute Care Hospitals,5,2,0,53342.0,6094.0
PARK CITY HOSPITAL,Acute Care Hospitals,5,0,0,104645.0,8280.0
TEXAS HEALTH HEART & VASCULAR HOSPITAL ARLINGTON,Acute Care Hospitals,5,0,0,58256.0,26571.0
VAUGHAN REGIONAL MEDICAL CENTER PARKWAY CAMPUS,Acute Care Hospitals,3,1,1,31916.0,22493.0
MENA REGIONAL HEALTH SYSTEM,Acute Care Hospitals,3,1,0,34803.0,14295.0
OUACHITA COUNTY MEDICAL CENTER,Acute Care Hospitals,3,0,0,31983.0,18968.0
SHARP CORONADO HOSPITAL AND HLTHCR CTR,Acute Care Hospitals,4,1,0,99641.0,22623.0
ADVENTIST HEALTH DELANO,Acute Care Hospitals,2,0,0,39032.0,55845.0
ROCKVILLE GENERAL HOSPITAL,Acute Care Hospitals,2,0,1,60790.0,29250.0
POINCIANA MEDICAL CENTER,Acute Care Hospitals,2,0,1,43309.0,39531.0
UNIVERSITY MCDUFFIE COUNTY REGIONAL MEDICAL CENTER,Acute Care Hospitals,3,0,0,40000.0,16733.0
SOUTHEASTERN REGIONAL MEDICAL CENTER,Acute Care Hospitals,3,0,0,81532.0,34766.0
ABRAHAM LINCOLN MEMORIAL HOSPITAL,Critical Access Hospitals,4,0,0,55094.0,19831.0
PARKVIEW NOBLE HOSPITAL,Acute Care Hospitals,3,0,0,46367.0,15188.0
MIDDLESBORO ARH HOSPITAL,Acute Care Hospitals,4,1,1,23204.0,12791.0
BEAUREGARD MEMORIAL HOSPITAL,Acute Care Hospitals,5,0,0,48326.0,26665.0
NORTH OTTAWA COMMUNITY HEALTH SYSTEM,Acute Care Hospitals,5,1,0,62298.0,31001.0
OLMSTED MEDICAL CENTER,Acute Care Hospitals,4,0,0,54717.0,27012.0
FAIRVIEW NORTHLAND REGIONAL HOSPITAL,Acute Care Hospitals,4,1,0,63652.0,16173.0
HUTCHINSON HEALTH,Acute Care Hospitals,4,1,0,59363.0,17684.0
NORTH MISSISSIPPI MEDICAL CENTER-GILMORE AMORY,Acute Care Hospitals,3,0,1,42479.0,12928.0
SSM HEALTH ST. FRANCIS HOSPITAL- MARYVILLE,Acute Care Hospitals,3,1,0,39011.0,15800.0
SPEARE MEMORIAL HOSPITAL,Critical Access Hospitals,3,0,0,41688.0,7152.0
LOVELACE WESTSIDE HOSPITAL,Acute Care Hospitals,3,0,1,65635.0,69620.0
ONEIDA HEALTHCARE CENTER,Acute Care Hospitals,5,0,0,46466.0,13638.0
UNC ROCKINGHAM,Acute Care Hospitals,2,0,1,36740.0,23370.0
MARTIN GENERAL HOSPITAL,Acute Care Hospitals,2,0,1,36262.0,14109.0
CAPE FEAR VALLEY HOKE HOSPITAL,Acute Care Hospitals,5,0,0,47737.0,43211.0
"BAILEY MEDICAL CENTER, LLC",Acute Care Hospitals,4,0,0,72642.0,44415.0
LEGACY SILVERTON MEDICAL CENTER,Acute Care Hospitals,3,0,0,65885.0,15530.0
CHAN SOON- SHIONG MEDICAL CENTER AT WINDBER,Acute Care Hospitals,5,0,0,42565.0,10665.0
SUBURBAN COMMUNITY HOSPITAL,Acute Care Hospitals,3,0,1,49329.0,42104.0
MILLCREEK COMMUNITY HOSPITAL,Acute Care Hospitals,4,0,1,55665.0,27399.0
PRISMA HEALTH HILLCREST HOSPITAL,Acute Care Hospitals,5,0,0,81917.0,55917.0
PRISMA HEALTH BAPTIST PARKRIDGE,Acute Care Hospitals,4,1,0,65997.0,29502.0
MCLEOD HEALTH CHERAW,Acute Care Hospitals,2,0,0,36298.0,14047.0
ROANE MEDICAL CENTER,Acute Care Hospitals,4,0,1,38742.0,17383.0
SWEETWATER HOSPITAL ASSOCIATION,Acute Care Hospitals,3,0,0,39194.0,15075.0
FORT LOUDOUN MEDICAL CENTER,Acute Care Hospitals,3,0,0,65851.0,12276.0
LONE PEAK HOSPITAL,Acute Care Hospitals,4,0,0,110270.0,46111.0
NOVANT HEALTH UVA HEALTH HAYMARKET MEDICAL CENTER,Acute Care Hospitals,3,1,0,141488.0,23958.0
SAMARITAN HOSPITAL,Acute Care Hospitals,4,0,0,51977.0,41811.0
UPLAND HILLS HEALTH,Critical Access Hospitals,4,0,0,62128.0,7211.0
BAYLOR SCOTT & WHITE THE HEART HOSPITAL - PLANO,Acute Care Hospitals,5,3,0,102889.0,48021.0
MEDICAL CITY ALLIANCE,Acute Care Hospitals,4,0,1,92990.0,7907.0
DEKALB REGIONAL MEDICAL CENTER,Acute Care Hospitals,3,0,0,37778.0,4412.0
HIGHLANDS MEDICAL CENTER,Acute Care Hospitals,4,1,0,40789.0,11543.0
TROY REGIONAL MEDICAL CENTER,Acute Care Hospitals,3,0,1,28745.0,16091.0
NORTH BALDWIN INFIRMARY,Acute Care Hospitals,3,0,0,40099.0,21660.0
RUSSELLVILLE HOSPITAL,Acute Care Hospitals,4,0,0,41868.0,11560.0
JACK HUGHSTON MEMORIAL HOSPITAL,Acute Care Hospitals,5,0,0,41925.0,23280.0
SILOAM SPRINGS REGIONAL HOSPITAL,Acute Care Hospitals,4,0,0,48064.0,22314.0
JOHNSON REGIONAL MEDICAL CENTER,Acute Care Hospitals,3,0,1,37065.0,15459.0
ARKANSAS METHODIST MEDICAL CENTER,Acute Care Hospitals,1,0,2,45252.0,38308.0
BAPTIST HEALTH MEDICAL CENTER-STUTTGART,Acute Care Hospitals,4,0,1,39021.0,9951.0
ST VINCENT MEDICAL CENTER/NORTH,Acute Care Hospitals,4,1,1,63575.0,33161.0
SONOMA VALLEY HOSPITAL,Acute Care Hospitals,3,0,0,72716.0,37187.0
LOMPOC VALLEY MEDICAL CENTER,Acute Care Hospitals,1,0,0,55794.0,56606.0
NOVATO COMMUNITY HOSPITAL,Acute Care Hospitals,5,1,0,93765.0,19487.0
BARTON MEMORIAL HOSPITAL,Acute Care Hospitals,5,0,0,53060.0,29103.0
CASA COLINA HOSPITAL,Acute Care Hospitals,4,0,1,54157.0,49492.0
COLORADO PLAINS MEDICAL CENTER,Acute Care Hospitals,4,1,0,51001.0,15316.0
VAIL HEALTH HOSPITAL,Acute Care Hospitals,4,0,0,75044.0,5793.0
STEPHENS COUNTY HOSPITAL,Acute Care Hospitals,3,0,0,38945.0,22339.0
HABERSHAM COUNTY MEDICAL CTR,Acute Care Hospitals,4,0,1,48493.0,7884.0
UNION GENERAL HOSPITAL,Acute Care Hospitals,3,0,1,42327.0,20299.0
TAYLOR REGIONAL HOSPITAL,Acute Care Hospitals,2,0,0,44392.0,12457.0
PERRY HOSPITAL,Acute Care Hospitals,4,0,0,49635.0,20192.0
FANNIN REGIONAL HOSPITAL,Acute Care Hospitals,3,0,0,40957.0,11704.0
COLISEUM NORTHSIDE HOSPITAL,Acute Care Hospitals,4,0,0,62118.0,34216.0
MADISON MEMORIAL HOSPITAL,Acute Care Hospitals,5,1,0,32639.0,35817.0
GRAHAM HOSPITAL ASSOCIATION,Acute Care Hospitals,4,0,1,46382.0,17112.0
GALESBURG COTTAGE HOSPITAL,Acute Care Hospitals,3,0,0,37262.0,33964.0
MC DONOUGH DISTRICT HOSPITAL,Acute Care Hospitals,3,0,1,40883.0,21368.0
OSF SAINT ELIZABETH MDL CTR,Acute Care Hospitals,4,0,0,53906.0,23820.0
PEKIN MEMORIAL HOSPITAL,Acute Care Hospitals,3,0,3,53154.0,42900.0
SAINT JAMES HOSPITAL,Acute Care Hospitals,3,0,0,50859.0,14600.0
HARRISBURG MEDICAL CENTER,Acute Care Hospitals,3,0,0,42500.0,12819.0
CROSSROADS COMMUNITY HOSPITAL,Acute Care Hospitals,3,0,0,42197.0,23501.0
JOHNSON MEMORIAL HOSPITAL,Acute Care Hospitals,4,1,0,57975.0,32088.0
DEKALB HEALTH,Acute Care Hospitals,4,0,0,52899.0,18413.0
BLUFFTON REGIONAL MEDICAL CENTER,Acute Care Hospitals,4,1,1,45769.0,14451.0
PARKVIEW HUNTINGTON HOSPITAL,Acute Care Hospitals,5,0,0,47920.0,26659.0
PINNACLE HOSPITAL,Acute Care Hospitals,2,0,0,77381.0,61652.0
ASCENSION ST VINCENT FISHERS,Acute Care Hospitals,4,1,0,111873.0,40798.0
DECATUR COUNTY MEMORIAL HOSPITAL,Critical Access Hospitals,5,1,0,53249.0,21518.0
"SARTORI MEMORIAL HOSPITAL, INC",Acute Care Hospitals,5,1,0,60070.0,44164.0
BROADLAWNS MEDICAL CENTER,Acute Care Hospitals,2,0,1,37826.0,12067.0
FORT MADISON COMMUNITY HOSPITAL,Acute Care Hospitals,3,0,0,47363.0,12810.0
LAKES REGIONAL HEALTHCARE,Acute Care Hospitals,5,1,0,61947.0,8133.0
ADVENTHEALTH OTTAWA,Acute Care Hospitals,4,1,0,48039.0,15453.0
SUSAN B ALLEN MEMORIAL HOSPITAL,Acute Care Hospitals,2,0,0,46430.0,17603.0
PRATT REGIONAL MEDICAL CENTER,Acute Care Hospitals,5,1,0,52515.0,8079.0
GEARY COMMUNITY HOSPITAL,Acute Care Hospitals,2,0,0,46806.0,27168.0
LABETTE HEALTH,Acute Care Hospitals,4,1,0,42575.0,12290.0
UNIVERSITY  OF KS HLTH SYSTEM GREAT BEND CAMPUS,Acute Care Hospitals,1,0,0,44477.0,19300.0
OWENSBORO HEALTH MUHLENBERG COMMUNITY HOSPITAL,Acute Care Hospitals,5,1,0,41105.0,10773.0
TWIN LAKES REGIONAL MEDICAL CENTER,Acute Care Hospitals,3,0,0,33458.0,15371.0
GEORGETOWN COMMUNITY HOSPITAL,Acute Care Hospitals,2,1,0,66601.0,46379.0
OCHSNER ST MARY,Acute Care Hospitals,3,0,0,41027.0,22282.0
JENNINGS AMERICAN LEGION HOSPITAL,Acute Care Hospitals,1,0,0,36722.0,16216.0
BYRD REGIONAL HOSPITAL,Acute Care Hospitals,3,0,0,47226.0,22631.0
NORTHERN LIGHT INLAND HOSPITAL,Acute Care Hospitals,3,0,1,41399.0,26671.0
ADVENTIST HEALTHCARE FORT WASHINGTON MEDICAL CTR,Acute Care Hospitals,2,0,2,96598.0,54163.0
BAYSTATE NOBLE HOSPITAL,Acute Care Hospitals,4,0,0,62423.0,41652.0
NASHOBA VALLEY MEDICAL CENTER,Acute Care Hospitals,4,0,0,79750.0,7703.0
SPECTRUM HEALTH ZEELAND COMMUNITY HOSPITAL,Acute Care Hospitals,5,0,0,70491.0,29124.0
HILLSDALE HOSPITAL,Acute Care Hospitals,3,1,0,40621.0,15039.0
WINONA HEALTH SERVICES,Acute Care Hospitals,5,1,0,49222.0,34919.0
FAIRVIEW LAKES HEALTH SERVICES,Acute Care Hospitals,5,1,0,80323.0,10991.0
OWATONNA HOSPITAL,Acute Care Hospitals,5,1,0,57482.0,29002.0
BUFFALO HOSPITAL,Acute Care Hospitals,5,1,0,73921.0,24063.0
ST FRANCIS REGIONAL MEDICAL CENTER,Acute Care Hospitals,4,0,0,84043.0,44082.0
UNIVERSITY OF MISSISSIPPI MEDICAL CENTER- GRENADA,Acute Care Hospitals,3,0,1,34749.0,18324.0
PARKLAND HEALTH CENTER,Acute Care Hospitals,3,0,0,47557.0,28501.0
COLUMBUS COMMUNITY HOSPITAL,Acute Care Hospitals,4,1,0,58627.0,28357.0
SAINT ROSE DOMINICAN HOSPITALS - ROSE DE LIMA,Acute Care Hospitals,3,0,0,52082.0,42366.0
RENOWN SOUTH MEADOWS MEDICAL CENTER,Acute Care Hospitals,4,0,1,86078.0,29675.0
PRESBYTERIAN ESPANOLA HOSPITAL,Acute Care Hospitals,4,0,0,30673.0,18909.0
LOVELACE REGIONAL HOSPITAL - ROSWELL,Acute Care Hospitals,3,0,0,48632.0,26506.0
CHENANGO MEMORIAL HOSPITAL,Acute Care Hospitals,3,0,0,47031.0,13172.0
JONES MEMORIAL HOSPITAL,Acute Care Hospitals,3,0,0,43888.0,9463.0
"BROOKS-TLC HOSPITAL SYSTEM, INC",Acute Care Hospitals,4,0,0,36341.0,14303.0
NICHOLAS H NOYES MEMORIAL HOSPITAL,Acute Care Hospitals,3,0,1,43570.0,11511.0
NATHAN LITTAUER HOSPITAL,Acute Care Hospitals,3,0,0,40692.0,23566.0
GRANVILLE HEALTH SYSTEMS,Acute Care Hospitals,2,1,0,45223.0,24609.0
WILSON MEMORIAL HOSPITAL,Acute Care Hospitals,4,1,0,51991.0,30176.0
GREENE MEMORIAL HOSPITAL,Acute Care Hospitals,5,0,0,52849.0,38215.0
GRAND LAKE HEALTH SYSTEM,Acute Care Hospitals,5,1,0,56092.0,12590.0
WAYNE HEALTHCARE,Acute Care Hospitals,5,1,0,42231.0,21961.0
MERCER COUNTY JOINT TOWNSHIP COMMUNITY HOSPITAL,Acute Care Hospitals,4,0,0,58681.0,6120.0
VAN WERT COUNTY HOSPITAL,Acute Care Hospitals,4,0,0,47852.0,14836.0
BELLEVUE HOSPITAL,Acute Care Hospitals,5,0,0,59452.0,12291.0
ALLIANCE COMMUNITY HOSPITAL,Acute Care Hospitals,4,1,0,41341.0,35175.0
BERGER HOSPITAL,Acute Care Hospitals,2,0,0,49319.0,24288.0
MARY RUTAN HOSPITAL,Acute Care Hospitals,5,0,0,51637.0,18767.0
BAY PARK COMMUNITY HOSPITAL,Acute Care Hospitals,4,0,0,57185.0,20537.0
MERCY HEALTH - DEFIANCE HOSPITAL,Acute Care Hospitals,5,0,0,53520.0,27691.0
AVITA ONTARIO,Acute Care Hospitals,4,1,0,38109.0,17146.0
JACKSON COUNTY MEMORIAL HOSPITAL AUTHORITY,Acute Care Hospitals,3,0,1,43656.0,20917.0
ELKVIEW GENERAL HOSPTIAL,Acute Care Hospitals,3,0,0,38333.0,4093.0
ST JOHN OWASSO,Acute Care Hospitals,5,1,0,72642.0,44415.0
ASCENSION ST JOHN BROKEN ARROW,Acute Care Hospitals,5,0,0,68111.0,62075.0
ASANTE ASHLAND COMMUNITY HOSPITAL,Acute Care Hospitals,5,0,0,51476.0,25164.0
GOOD SHEPHERD MEDICAL CENTER,Critical Access Hospitals,2,0,0,52740.0,26133.0
GEISINGER-BLOOMSBURG HOSPITAL,Acute Care Hospitals,4,0,0,48074.0,30691.0
PENN HIGHLANDS CLEARFIELD,Acute Care Hospitals,2,0,0,44764.0,13597.0
BERWICK HOSPITAL CENTER,Acute Care Hospitals,4,0,0,45865.0,19324.0
HERITAGE VALLEY KENNEDY,Acute Care Hospitals,3,0,0,48866.0,22350.0
GHS  LAURENS COUNTY MEMORIAL HOSPITAL,Acute Care Hospitals,3,0,1,36466.0,15876.0
PELHAM MEDICAL CENTER,Acute Care Hospitals,4,1,2,55440.0,46727.0
MOUNT PLEASANT HOSPITAL,Acute Care Hospitals,5,0,0,97158.0,35966.0
LINCOLN MEDICAL CENTER,Acute Care Hospitals,4,0,0,41851.0,22350.0
TEXAS HEALTH HARRIS METHODIST HOSPITAL CLEBURNE,Acute Care Hospitals,4,1,0,53671.0,25190.0
UT HEALTH EAST TEXAS JACKSONVILLE HOSPITAL,Acute Care Hospitals,4,0,0,42523.0,26671.0
CHRISTUS SANTA ROSA HOSPITAL-SAN MARCOS,Acute Care Hospitals,4,1,0,38100.0,77355.0
TEXAS HEALTH PRESBYTERIAN HOSPITAL KAUFMAN,Acute Care Hospitals,4,0,0,51363.0,18702.0
CHI ST LUKES HEALTH MEMORIAL LIVINGSTON,Acute Care Hospitals,4,0,0,45207.0,33199.0
COVENANT HOSPITAL PLAINVIEW,Acute Care Hospitals,4,0,0,45884.0,26829.0
PALO PINTO GENERAL HOSPITAL,Acute Care Hospitals,2,0,0,42982.0,20561.0
"SCENIC MOUNTAIN MEDICAL CENTER, A STEWARD FAMILY H",Acute Care Hospitals,2,0,0,51048.0,35231.0
ENNIS REGIONAL MEDICAL CENTER,Acute Care Hospitals,2,1,0,50947.0,27514.0
CASTLEVIEW HOSPITAL,Acute Care Hospitals,5,0,0,49413.0,13340.0
MOUNTAIN VIEW HOSPITAL,Acute Care Hospitals,5,0,0,64213.0,25185.0
UINTAH BASIN MEDICAL CENTER,Acute Care Hospitals,4,1,0,64880.0,12224.0
ASHLEY REGIONAL MEDICAL CENTER,Acute Care Hospitals,5,1,0,67595.0,30062.0
LAKEVIEW HOSPITAL,Acute Care Hospitals,5,2,0,68134.0,46086.0
ALTA VIEW HOSPITAL,Acute Care Hospitals,5,2,0,78302.0,28465.0
BON SECOURS SOUTHAMPTON MEMORIAL HOSPITAL,Acute Care Hospitals,3,0,1,45071.0,13029.0
LONESOME PINE HOSPITAL,Acute Care Hospitals,2,0,1,42721.0,11396.0
LEWISGALE HOSPITAL ALLEGHANY,Acute Care Hospitals,5,0,0,14914.0,161.0
RIVERSIDE DOCTORS' HOSPITAL OF WILLIAMSBURG,Acute Care Hospitals,4,0,0,76923.0,48992.0
EVERGREENHEALTH MONROE,Acute Care Hospitals,2,0,1,85029.0,31098.0
STONEWALL JACKSON MEMORIAL HOSPITAL,Acute Care Hospitals,5,0,1,37352.0,8796.0
ST JOSEPH'S HOSPITAL,Acute Care Hospitals,5,0,0,57679.0,32663.0
AURORA MEDICAL CTR WASHINGTON COUNTY,Acute Care Hospitals,5,1,0,68701.0,22578.0
DIVINE SAVIOR HEALTHCARE,Acute Care Hospitals,4,0,0,49606.0,14627.0
ST NICHOLAS HOSPITAL,Acute Care Hospitals,3,0,0,44181.0,42496.0
MARSHFIELD MEDICAL CENTER - BEAVER DAM (MMC-BD),Acute Care Hospitals,4,1,0,50706.0,22647.0
HOWARD YOUNG MEDICAL CENTER,Acute Care Hospitals,4,1,0,39678.0,4938.0
WATERTOWN MEMORIAL HOSPITAL,Acute Care Hospitals,5,1,0,54760.0,11690.0
SSM HEALTH ST MARY'S HOSPITAL - JANESVILLE,Acute Care Hospitals,5,2,0,62500.0,31128.0
MAYO CLINIC HEALTH SYSTEM-RED CEDAR INC,Critical Access Hospitals,4,1,0,51247.0,25768.0
SAGEWEST HEALTH CARE,Acute Care Hospitals,2,0,0,54788.0,19510.0
ORO VALLEY HOSPITAL,Acute Care Hospitals,4,1,0,90814.0,16143.0
VALLEY VIEW MEDICAL CENTER,Acute Care Hospitals,2,0,0,43865.0,14084.0
PETALUMA VALLEY HOSPITAL,Acute Care Hospitals,3,1,0,86953.0,38316.0
UCHEALTH YAMPA VALLEY MEDICAL CENTER,Acute Care Hospitals,5,1,0,71510.0,17708.0
SHARON HOSPITAL,Acute Care Hospitals,5,1,0,77083.0,2374.0
PIEDMONT WALTON HOSPITAL,Acute Care Hospitals,3,1,0,46391.0,24957.0
ILLINOIS VALLEY COMMUNITY HOSPITAL,Acute Care Hospitals,5,0,0,47246.0,10684.0
SAINT JOSEPH REGIONAL MEDICAL CENTER - PLYMOUTH,Acute Care Hospitals,3,1,0,50208.0,23834.0
OTTUMWA REGIONAL HEALTH CENTER,Acute Care Hospitals,4,1,0,42119.0,29662.0
PELLA REGIONAL HEALTH CENTER,Critical Access Hospitals,5,1,0,70243.0,13696.0
WESTERN PLAINS MEDICAL COMPLEX,Acute Care Hospitals,3,1,0,48474.0,31043.0
MEADOWVIEW REGIONAL MEDICAL CENTER,Acute Care Hospitals,5,2,0,38750.0,13980.0
LEONARD J CHABERT MEDICAL CENTER,Acute Care Hospitals,4,0,0,36806.0,25193.0
WALDO COUNTY GENERAL HOSPITAL,Critical Access Hospitals,4,0,0,52226.0,8842.0
BAYSTATE WING HOSPITAL,Acute Care Hospitals,5,0,0,59211.0,8919.0
LAKE HURON MEDICAL CENTER,Acute Care Hospitals,5,0,1,40061.0,39693.0
MIDMICHIGAN MEDICAL CENTER-WEST BRANCH,Acute Care Hospitals,4,0,1,42406.0,10492.0
UP HEALTH SYSTEM PORTAGE,Acute Care Hospitals,3,0,0,41991.0,7250.0
MCLAREN THUMB REGION,Acute Care Hospitals,5,2,0,46086.0,7268.0
UNIVERSITY MEDICAL CENTER-MESABI/ MESABA CLINICS,Acute Care Hospitals,2,0,1,45539.0,16930.0
ST LUKE'S DES PERES HOSPITAL,Acute Care Hospitals,2,1,0,91824.0,38941.0
PROGRESS WEST HOSPITAL,Acute Care Hospitals,4,0,0,95774.0,45640.0
SIDNEY HEALTH CENTER,Critical Access Hospitals,5,1,0,67190.0,8750.0
METHODIST FREMONT HEALTH,Acute Care Hospitals,4,1,0,51116.0,29911.0
NORTHEASTERN NEVADA REGIONAL HOSPITAL,Acute Care Hospitals,2,0,0,77329.0,25920.0
NORTHERN NEVADA MEDICAL CENTER,Acute Care Hospitals,4,2,0,60639.0,26107.0
INSPIRA MEDICAL CENTER ELMER,Acute Care Hospitals,3,0,1,79692.0,12330.0
GUTHRIE CORTLAND REGIONAL MEDICAL CENTER,Acute Care Hospitals,5,0,0,50042.0,29439.0
ST ANTHONY COMMUNITY HOSPITAL,Acute Care Hospitals,4,0,2,94091.0,19781.0
MASSENA HOSPITAL INC,Acute Care Hospitals,2,0,2,47394.0,16481.0
THE MCDOWELL HOSPITAL,Acute Care Hospitals,3,1,0,38906.0,30453.0
ANGEL MEDICAL CENTER,Critical Access Hospitals,4,1,0,37759.0,26544.0
CHI ST ALEXIUS HEALTH DICKINSON,Critical Access Hospitals,5,0,0,79611.0,26309.0
COMMUNITY HOSPITALS AND WELLNESS CENTERS,Acute Care Hospitals,3,0,0,43408.0,14275.0
INTEGRIS GROVE HOSPITAL,Acute Care Hospitals,4,1,0,40510.0,15197.0
INTEGRIS HEALTH EDMOND,Acute Care Hospitals,3,0,0,79238.0,43646.0
WILLAMETTE VALLEY MEDICAL CENTER,Acute Care Hospitals,4,1,0,52288.0,37599.0
PENN HIGHLANDS HUNTINGDON,Acute Care Hospitals,4,1,0,45798.0,18248.0
ST LUKE'S SACRED HEART CAMPUS,Acute Care Hospitals,5,0,0,31257.0,49202.0
PAMPA REGIONAL MEDICAL CENTER,Acute Care Hospitals,5,0,0,49005.0,21082.0
TEXAS HEALTH HARRIS METHODIST HOSPITAL STEPHENVILL,Acute Care Hospitals,5,1,0,46327.0,29478.0
NAVARRO REGIONAL HOSPITAL,Acute Care Hospitals,4,1,0,42843.0,28847.0
TEXAS HEALTH PRESBYTERIAN HOSPITAL ALLEN,Acute Care Hospitals,4,0,0,124915.0,38975.0
NORTON COMMUNITY HOSPITAL,Acute Care Hospitals,4,0,0,32591.0,6507.0
TWIN COUNTY REGIONAL HOSPITAL,Acute Care Hospitals,3,1,0,36189.0,18041.0
LOURDES MEDICAL CENTER,Critical Access Hospitals,5,1,1,61029.0,77226.0
REYNOLDS MEMORIAL HOSPITAL,Acute Care Hospitals,3,0,0,56894.0,2884.0
AURORA MEDICAL CTR MANITOWOC COUNTY,Acute Care Hospitals,4,0,1,44315.0,14413.0
BARTLETT REGIONAL HOSPITAL,Acute Care Hospitals,5,0,1,91743.0,30179.0
CENTRAL PENINSULA GENERAL HOSPITAL,Acute Care Hospitals,2,0,1,77382.0,15516.0
NORTH ARKANSAS REGIONAL MEDICAL CENTER,Acute Care Hospitals,4,0,0,41595.0,30306.0
SUTTER AMADOR HOSPITAL,Acute Care Hospitals,5,1,1,53357.0,6615.0
SUTTER DAVIS HOSPITAL,Acute Care Hospitals,4,2,0,50000.0,50068.0
SAN LUIS VALLEY HEALTH,Acute Care Hospitals,2,0,0,35776.0,15568.0
DELTA COUNTY MEMORIAL HOSPITAL,Acute Care Hospitals,4,2,0,39926.0,14285.0
WINDHAM COMMUNITY MEMORIAL HOSPITAL,Acute Care Hospitals,4,0,1,32053.0,19696.0
JACKSON HOSPITAL,Acute Care Hospitals,3,0,1,43939.0,11501.0
SOUTHEAST GEORGIA HEALTH SYSTEM -- CAMDEN CAMPUS,Acute Care Hospitals,3,1,0,55251.0,21217.0
NORTH HAWAII COMMUNITY HOSPITAL,Acute Care Hospitals,5,0,0,73970.0,14844.0
ST MARGARETS HOSPITAL,Acute Care Hospitals,3,0,1,45724.0,5542.0
FRANCISCAN HEALTH CRAWFORDSVILLE,Acute Care Hospitals,5,0,0,52383.0,27964.0
MAJOR HOSPITAL,Acute Care Hospitals,3,0,1,53817.0,27485.0
MARGARET MARY COMMUNITY HOSPITAL INC,Critical Access Hospitals,5,1,0,58872.0,11144.0
ST ANTHONY REGIONAL HOSPITAL & NURSING HOME,Acute Care Hospitals,4,0,0,49688.0,11971.0
"COFFEYVILLE REGIONAL MEDICAL CENTER, INC",Acute Care Hospitals,3,1,0,41676.0,12680.0
FLAGET MEMORIAL HOSPITAL,Acute Care Hospitals,4,2,0,55531.0,30006.0
SAINT JOSEPH MOUNT STERLING,Acute Care Hospitals,5,0,0,42981.0,22568.0
BAPTIST HEALTH LAGRANGE,Acute Care Hospitals,4,2,1,74480.0,24922.0
ABBEVILLE GENERAL HOSPITAL,Acute Care Hospitals,4,0,0,47483.0,25873.0
CARY MEDICAL CENTER,Acute Care Hospitals,4,0,1,39933.0,9290.0
GARRETT COUNTY MEMORIAL HOSPITAL,Acute Care Hospitals,4,0,0,46197.0,14504.0
UNIVERSITY OF MD SHORE MEDICAL CTR AT CHESTERTOWN,Acute Care Hospitals,3,0,0,59534.0,12584.0
HARRINGTON MEMORIAL HOSPITAL-1,Acute Care Hospitals,2,0,2,50202.0,16858.0
MIDMICHIGAN MEDICAL CENTER-GRATIOT,Acute Care Hospitals,2,1,0,36546.0,12768.0
SPECTRUM HEALTH UNITED HOSPITAL,Acute Care Hospitals,5,0,0,46110.0,18130.0
SAINT JOSEPH MERCY LIVINGSTON HOSPITAL,Acute Care Hospitals,5,1,0,73240.0,44874.0
SPECTRUM HEALTH LUDINGTON HOSPITAL,Acute Care Hospitals,4,0,0,45867.0,17150.0
CHIPPEWA COUNTY WAR MEMORIAL HOSPITAL,Acute Care Hospitals,2,0,0,43419.0,19504.0
ST JOSEPH MERCY CHELSEA,Acute Care Hospitals,5,2,0,78487.0,12665.0
MUNSON HEALTHCARE MANISTEE HOSPITAL,Acute Care Hospitals,3,1,0,45652.0,14373.0
NORTHFIELD HOSPITAL,Acute Care Hospitals,4,0,0,68199.0,25106.0
MAYO CLINIC HEALTH SYSTEM IN RED WING,Acute Care Hospitals,5,1,0,55519.0,18233.0
CAMBRIDGE MEDICAL CENTER,Acute Care Hospitals,4,0,0,60958.0,15231.0
LAKE REGION HEALTHCARE CORPORATION,Acute Care Hospitals,3,0,0,52000.0,18904.0
GRAND ITASCA CLINIC AND HOSPITAL,Acute Care Hospitals,4,1,0,52351.0,20037.0
ESSENTIA HEALTH VIRGINIA,Acute Care Hospitals,3,0,1,39080.0,9795.0
ESSENTIA HEALTH ST MARYS - DETROIT LAKES,Acute Care Hospitals,4,0,0,54807.0,17322.0
MAYO CLINIC HEALTH SYSTEM - FAIRMONT,Acute Care Hospitals,4,0,0,52041.0,11897.0
BAPTIST MEMORIAL HOSPITAL UNION COUNTY,Acute Care Hospitals,5,1,0,40413.0,17267.0
MERCY HOSPITAL LEBANON,Acute Care Hospitals,4,1,0,42604.0,29517.0
WESTERN MISSOURI MEDICAL CENTER,Acute Care Hospitals,4,0,0,47338.0,27875.0
GOLDEN VALLEY MEMORIAL HOSPITAL,Acute Care Hospitals,4,0,0,41262.0,13317.0
BELTON REGIONAL MEDICAL CENTER,Acute Care Hospitals,4,0,0,63307.0,27109.0
NORTHERN MONTANA HOSPITAL,Acute Care Hospitals,4,2,0,45668.0,12528.0
KEARNEY REGIONAL MEDICAL CENTER,Acute Care Hospitals,3,0,0,56295.0,21065.0
ALICE HYDE MEDICAL CENTER,Acute Care Hospitals,3,0,0,49561.0,15778.0
NORTHWELL HOSPITAL GLEN COVE,Acute Care Hospitals,4,0,2,75685.0,27771.0
"TRANSYLVANIA REGIONAL HOSPITAL, INC",Critical Access Hospitals,4,1,0,42591.0,19344.0
UNIVERSITY HOSPITALS SAMARITAN MEDICAL CENTER,Acute Care Hospitals,4,0,0,49721.0,32647.0
OHIOHEALTH O'BLENESS HOSPITAL,Acute Care Hospitals,5,1,0,35588.0,35432.0
MCCULLOUGH-HYDE MEMORIAL HOSPITAL,Acute Care Hospitals,4,1,0,40079.0,27654.0
MERCY HEALTH - TIFFIN HOSPITAL,Acute Care Hospitals,5,1,0,47248.0,28402.0
MEMORIAL HOSPITAL,Acute Care Hospitals,5,1,0,74890.0,34001.0
MEMORIAL HOSPITAL,Acute Care Hospitals,4,1,0,46495.0,30294.0
MID-COLUMBIA MEDICAL CENTER,Acute Care Hospitals,3,0,0,48303.0,20035.0
"SAINT ALPHONSUS MEDICAL CENTER - ONTARIO, INC",Acute Care Hospitals,5,2,0,35599.0,18745.0
ST ANTHONY HOSPITAL,Critical Access Hospitals,5,1,0,49650.0,21031.0
ST LUKES QUAKERTOWN HOSPITAL,Acute Care Hospitals,4,0,0,66463.0,34671.0
WARREN GENERAL HOSPITAL,Acute Care Hospitals,2,0,1,46086.0,18060.0
GROVE CITY MEDICAL CENTER,Acute Care Hospitals,4,1,0,53333.0,15769.0
NEWBERRY COUNTY MEMORIAL HOSPITAL,Acute Care Hospitals,5,0,0,36614.0,20631.0
AVERA QUEEN OF PEACE,Acute Care Hospitals,5,0,0,47995.0,18565.0
AVERA ST MARY'S HOSPITAL,Acute Care Hospitals,4,1,0,59921.0,16766.0
LUBBOCK HEART HOSPITAL LP,Acute Care Hospitals,3,0,1,48594.0,33302.0
CEDAR CITY HOSPITAL,Acute Care Hospitals,5,2,0,44821.0,22221.0
BRATTLEBORO MEMORIAL HOSPITAL,Acute Care Hospitals,2,0,0,47681.0,16340.0
SMYTH COUNTY COMMUNITY HOSPITAL,Acute Care Hospitals,5,0,0,40273.0,14574.0
CLINCH VALLEY MEDICAL CENTER,Acute Care Hospitals,3,0,0,29076.0,5603.0
LEWISGALE HOSPITAL PULASKI,Acute Care Hospitals,3,0,1,43277.0,13992.0
PLEASANT VALLEY HOSPITAL,Acute Care Hospitals,3,0,0,40685.0,8464.0
ASCENSION ST MARYS HOSPITAL,Acute Care Hospitals,4,1,0,53750.0,20051.0
SSM HEALTH ST CLARE HOSPITAL - BARABOO,Acute Care Hospitals,5,1,0,48556.0,20319.0
FORT MEMORIAL HOSPITAL,Acute Care Hospitals,5,0,0,55340.0,18836.0
BAY AREA MEDICAL CENTER,Acute Care Hospitals,5,0,0,43197.0,14776.0
ST JOHNS MEDICAL CENTER,Acute Care Hospitals,5,0,0,79725.0,16990.0
IVINSON MEMORIAL HOSPITAL,Acute Care Hospitals,4,0,1,39665.0,16802.0
CODY REGIONAL HEALTH,Critical Access Hospitals,3,0,0,63328.0,15833.0
BAYLOR SCOTT & WHITE MEDICAL CENTER - MARBLE FALLS,Acute Care Hospitals,5,1,0,56488.0,18488.0
MONTROSE MEMORIAL HOSPITAL,Acute Care Hospitals,4,2,0,41451.0,21976.0
WITHAM HEALTH SERVICES,Acute Care Hospitals,3,0,0,54402.0,21969.0
VIA CHRISTI HOSPITAL PITTSBURG INC,Acute Care Hospitals,2,2,0,35277.0,24747.0
A R GOULD HOSPITAL,Acute Care Hospitals,3,0,2,37036.0,9246.0
NORTHERN LIGHT MAINE COAST HOSPITAL,Acute Care Hospitals,4,0,0,52645.0,13821.0
PENOBSCOT BAY MEDICAL CENTER,Acute Care Hospitals,4,0,1,62625.0,3356.0
MUNSON HEALTHCARE GRAYLING HOSPITAL,Acute Care Hospitals,4,1,0,43536.0,9583.0
ST JAMES HEALTHCARE,Acute Care Hospitals,3,0,0,39664.0,33443.0
HACKETTSTOWN MEDICAL CENTER,Acute Care Hospitals,1,0,0,77931.0,30028.0
WATAUGA MEDICAL CENTER,Acute Care Hospitals,4,1,0,36508.0,35561.0
CLINTON MEMORIAL HOSPITAL,Acute Care Hospitals,1,0,1,48702.0,22226.0
UPMC WELLSBORO,Critical Access Hospitals,5,0,0,53809.0,10069.0
CHI ST. LUKES' BRAZOSPORT HOSPITAL,Acute Care Hospitals,4,0,0,78276.0,29441.0
HENDRICK MEDICAL CENTER BROWNWOOD,Acute Care Hospitals,3,0,0,40555.0,24918.0
NORTHWESTERN MEDICAL CENTER INC,Acute Care Hospitals,3,0,0,58845.0,14935.0
NOVANT HEALTH UVA HEALTH SYSTEM CULPEPER MED CENTE,Acute Care Hospitals,3,0,1,64660.0,33915.0
VCU HEALTH TAPPAHANNOCK HOSPITAL,Acute Care Hospitals,4,1,0,46369.0,5814.0
RIVERSIDE WALTER REED HOSPITAL,Acute Care Hospitals,4,0,2,69205.0,21060.0
ISLAND HOSPITAL,Acute Care Hospitals,4,1,0,65026.0,21068.0
OCONOMOWOC MEMORIAL HOSPITAL,Acute Care Hospitals,5,2,0,86343.0,34677.0
CAMPBELL COUNTY HEALTH,Acute Care Hospitals,4,2,0,70083.0,18262.0
SHERIDAN MEMORIAL HOSPITAL,Acute Care Hospitals,5,3,0,55710.0,25134.0
MONTCLAIR HOSPITAL MEDICAL CENTER,Acute Care Hospitals,3,0,0,54263.0,38211.0
WOMEN'S HOSPITAL THE,Acute Care Hospitals,4,0,0,74469.0,35920.0
NORTH CENTRAL BRONX HOSPITAL,Acute Care Hospitals,2,0,0,35381.0,102718.0
METHODIST HOSPITAL FOR SURGERY,Acute Care Hospitals,5,0,0,73578.0,14617.0
GREATER EL MONTE COMMUNITY HOSPITAL,Acute Care Hospitals,5,0,0,42758.0,44989.0
CHAPMAN GLOBAL MEDICAL CENTER,Acute Care Hospitals,2,0,1,96417.0,36598.0
COASTAL COMMUNITIES HOSPITAL,Acute Care Hospitals,2,0,1,63056.0,90525.0
"L A DOWNTOWN MEDICAL CENTER, LLC",Acute Care Hospitals,5,0,1,54342.0,68609.0
OVIEDO MEDICAL CENTER,Acute Care Hospitals,2,0,0,72530.0,63974.0
JACKSON PARK HOSPITAL,Acute Care Hospitals,1,0,2,24941.0,44223.0
SOUTH SHORE HOSPITAL,Acute Care Hospitals,1,0,1,38417.0,81227.0
NOVANT HEALTH MEDICAL PARK HOSPITAL,Acute Care Hospitals,5,0,0,45912.0,35792.0
PRISMA HEALTH  PATEWOOD HOSPITAL,Acute Care Hospitals,5,1,0,57208.0,36336.0
U S M D HOSPITAL AT ARLINGTON L P,Acute Care Hospitals,2,0,0,69155.0,47010.0
SAN GORGONIO MEMORIAL HOSPITAL,Acute Care Hospitals,3,0,0,40055.0,33016.0
ST VINCENT HEART CENTER,Acute Care Hospitals,5,3,0,250001.0,213.0
KANSAS HEART HOSPITAL,Acute Care Hospitals,3,0,0,69238.0,19172.0
WHITESBURG ARH HOSPITAL,Acute Care Hospitals,2,0,3,29380.0,7891.0
"GRACE MEDICAL CENTER, INC",Acute Care Hospitals,2,0,0,26899.0,23811.0
NORTH VISTA HOSPITAL,Acute Care Hospitals,2,0,3,32533.0,48944.0
SOUTHWESTERN REGIONAL MEDICAL CENTER,Acute Care Hospitals,5,0,0,59950.0,46028.0
MANATI MEDICAL CENTER DR OTERO LOPEZ,Acute Care Hospitals,1,0,2,18032.0,40826.0
BANNER HEART HOSPITAL,Acute Care Hospitals,4,1,0,48856.0,36379.0
GARDEN GROVE HOSPITAL & MEDICAL CENTER,Acute Care Hospitals,4,0,0,56274.0,45198.0
ALHAMBRA HOSPITAL MEDICAL CENTER,Acute Care Hospitals,5,0,2,53644.0,54928.0
COAST PLAZA HOSPITAL,Acute Care Hospitals,2,0,2,63669.0,106404.0
MEASE DUNEDIN HOSPITAL,Acute Care Hospitals,5,0,0,46193.0,38230.0
LARKIN COMMUNITY HOSPITAL PALM SPRINGS CAMPUS,Acute Care Hospitals,1,0,4,31010.0,75992.0
UPSON REGIONAL MEDICAL CENTER,Acute Care Hospitals,2,0,0,33893.0,22739.0
CRISP REGIONAL HOSPITAL,Acute Care Hospitals,3,0,1,32343.0,21673.0
NORWEGIAN-AMERICAN HOSPITAL,Acute Care Hospitals,1,0,2,87143.0,53680.0
ST JOSEPH HOSPITAL,Acute Care Hospitals,2,0,0,31340.0,10672.0
EAST LIVERPOOL CITY HOSPITAL,Acute Care Hospitals,4,0,1,39750.0,22684.0
CANONSBURG GENERAL HOSPITAL,Acute Care Hospitals,3,1,0,84858.0,37962.0
PRISMA HEALTH BAPTIST EASLEY HOSPITAL,Acute Care Hospitals,4,0,1,45815.0,30180.0
FORT DUNCAN MEDICAL CENTER,Acute Care Hospitals,4,0,0,37667.0,55879.0
OAKBEND MEDICAL CENTER,Acute Care Hospitals,4,0,1,82214.0,46934.0
PALESTINE REGIONAL MEDICAL CENTER,Acute Care Hospitals,4,0,0,37842.0,15615.0
MEDICAL CENTER ENTERPRISE,Acute Care Hospitals,4,0,0,54001.0,36220.0
BANNER IRONWOOD MEDICAL CENTER,Acute Care Hospitals,4,1,0,67126.0,45504.0
PROVIDENCE LITTLE CO OF MARY MED CTR SAN PEDRO,Acute Care Hospitals,3,1,0,89440.0,22408.0
WATSONVILLE COMMUNITY HOSPITAL,Acute Care Hospitals,2,0,1,61211.0,87781.0
TWIN CITIES COMMUNITY HOSPITAL,Acute Care Hospitals,3,1,0,80894.0,8905.0
MONTEREY PARK HOSPITAL,Acute Care Hospitals,2,0,2,58056.0,33114.0
CASTLE ROCK ADVENTIST HOSPITAL,Acute Care Hospitals,4,0,0,120989.0,21427.0
LONGS PEAK HOSPITAL,Acute Care Hospitals,5,1,1,88036.0,52339.0
TWIN CITIES HOSPITAL,Acute Care Hospitals,4,0,0,81445.0,32246.0
ADVENTHEALTH LAKE WALES,Acute Care Hospitals,2,0,3,36569.0,12017.0
BAPTIST MEDICAL CENTER - NASSAU,Acute Care Hospitals,5,2,0,68533.0,33695.0
GULF BREEZE HOSPITAL,Acute Care Hospitals,5,2,0,100486.0,9154.0
ST CLOUD REGIONAL MEDICAL CENTER,Acute Care Hospitals,3,0,1,42869.0,23144.0
WAYNE MEMORIAL HOSPITAL,Acute Care Hospitals,3,0,0,41656.0,16474.0
RUSH OAK PARK HOSPITAL,Acute Care Hospitals,5,0,1,100842.0,17578.0
HENRY COUNTY MEMORIAL HOSPITAL,Acute Care Hospitals,4,1,0,43265.0,29865.0
SOUTHWEST MEDICAL CENTER,Acute Care Hospitals,2,0,0,47675.0,22136.0
"VIA CHRISTI HOSPITAL WICHITA ST TERESA, INC",Acute Care Hospitals,2,2,0,98290.0,12649.0
NATCHITOCHES REGIONAL MEDICAL CENTER,Acute Care Hospitals,3,0,0,26314.0,27741.0
UMASS MEMORIAL HEALTHCARE-MARLBOROUGH HOSPITAL,Acute Care Hospitals,4,0,0,75418.0,39771.0
KARMANOS CANCER CENTER,Acute Care Hospitals,3,0,0,14909.0,15181.0
ESSENTIA HEALTH DULUTH,Acute Care Hospitals,3,1,0,25892.0,9688.0
OCH REGIONAL MEDICAL CENTER,Acute Care Hospitals,2,0,0,37373.0,44057.0
KING'S DAUGHTERS MEDICAL CENTER-BROOKHAVEN,Acute Care Hospitals,2,1,1,35276.0,22914.0
BOLIVAR MEDICAL CENTER,Acute Care Hospitals,3,0,1,32037.0,17900.0
CAMERON REGIONAL MEDICAL CENTER,Acute Care Hospitals,2,0,0,48562.0,12676.0
MOBERLY REGIONAL MEDICAL CENTER,Acute Care Hospitals,3,0,0,42907.0,17438.0
TRUMAN MEDICAL CENTER LAKEWOOD,Acute Care Hospitals,3,0,0,105063.0,1925.0
DEBORAH HEART AND LUNG CENTER,Acute Care Hospitals,4,0,1,65531.0,19837.0
ST JOSEPH'S MEDICAL CENTER,Acute Care Hospitals,2,0,1,46519.0,59101.0
"NEW YORK COMMUNITY HOSPITAL OF BROOKLYN, INC.",Acute Care Hospitals,2,0,4,59287.0,85776.0
EASTERN NIAGARA HOSPITAL,Acute Care Hospitals,1,0,3,53029.0,49308.0
SAMPSON REGIONAL MEDICAL CENTER,Acute Care Hospitals,2,0,1,34521.0,27883.0
NOVANT HEALTH THOMASVILLE MEDICAL CENTER,Acute Care Hospitals,4,0,0,42261.0,45720.0
NOVANT HEALTH BRUNSWICK MEDICAL CENTER,Acute Care Hospitals,4,0,1,40359.0,12310.0
WOOD COUNTY HOSPITAL,Acute Care Hospitals,3,0,0,42585.0,32240.0
LUTHERAN HOSPITAL,Acute Care Hospitals,5,0,1,46481.0,19830.0
PONCA CITY MEDICAL CENTER,Acute Care Hospitals,2,0,0,40281.0,19164.0
"OKLAHOMA HEART HOSPITAL SOUTH, LLC",Acute Care Hospitals,5,3,0,55823.0,22338.0
ST CHARLES REDMOND,Acute Care Hospitals,4,0,0,54488.0,36611.0
PROVIDENCE MILWAUKIE HOSPITAL,Acute Care Hospitals,4,0,0,55031.0,35965.0
CAROLINA PINES REGIONAL MEDICAL CENTER,Acute Care Hospitals,4,1,1,42201.0,32764.0
PRISMA HEALTH GREER MEMORIAL HOSPITAL,Acute Care Hospitals,4,0,0,70332.0,35479.0
EAST COOPER MEDICAL CENTER,Acute Care Hospitals,3,0,1,81628.0,50612.0
AVERA SACRED HEART HOSPITAL,Acute Care Hospitals,5,2,0,47216.0,18994.0
SYCAMORE SHOALS HOSPITAL,Acute Care Hospitals,4,0,0,34371.0,33992.0
GREENEVILLE COMMUNITY HOSPITAL,Acute Care Hospitals,2,1,0,37346.0,17144.0
TENNOVA HEALTHCARE-JEFFERSON MEMORIAL HOSPITAL,Acute Care Hospitals,4,1,0,43988.0,13023.0
SAINT THOMAS RIVER PARK HOSPITAL,Acute Care Hospitals,4,0,0,35887.0,33008.0
DALLAS REGIONAL MEDICAL CENTER,Acute Care Hospitals,4,0,1,47016.0,55797.0
WYTHE COUNTY COMMUNITY HOSPITAL,Acute Care Hospitals,3,1,0,44972.0,13857.0
CASCADE VALLEY HOSPITAL,Acute Care Hospitals,3,1,0,76555.0,42071.0
AURORA LAKELAND MEDICAL CENTER,Acute Care Hospitals,5,2,0,65065.0,18597.0
ANDALUSIA HEALTH,Acute Care Hospitals,4,0,0,42726.0,10621.0
STRINGFELLOW MEMORIAL HOSPITAL,Acute Care Hospitals,3,1,0,27266.0,18849.0
CANYON VISTA MEDICAL CENTER,Acute Care Hospitals,3,0,0,52860.0,33574.0
BAPTIST HEALTH MEDICAL CENTER- CONWAY,Acute Care Hospitals,4,1,0,44686.0,32508.0
ST ELIZABETH COMMUNITY HOSPITAL,Acute Care Hospitals,4,0,0,38740.0,28075.0
SUTTER TRACY COMMUNITY HOSPITAL,Acute Care Hospitals,5,2,0,70501.0,52371.0
ST JOHNS PLEASANT VALLEY HOSPITAL,Acute Care Hospitals,4,0,0,90260.0,44122.0
MELBOURNE REGIONAL MEDICAL CENTER,Acute Care Hospitals,2,0,1,44247.0,41704.0
VIERA HOSPITAL,Acute Care Hospitals,4,0,1,69508.0,38683.0
"COFFEE REGIONAL MEDICAL CENTER, INC",Acute Care Hospitals,1,0,3,35590.0,16629.0
PIEDMONT MOUNTAINSIDE HOSPITAL INC,Acute Care Hospitals,5,0,0,64679.0,22397.0
WEST VALLEY MEDICAL CENTER,Acute Care Hospitals,4,1,0,42183.0,44416.0
KATHERINE SHAW BETHEA HOSPITAL,Acute Care Hospitals,3,1,0,60627.0,22836.0
ST MARY MEDICAL CENTER,Acute Care Hospitals,3,0,2,37262.0,33964.0
HEARTLAND REGIONAL MEDICAL CENTER,Acute Care Hospitals,3,0,1,52301.0,28419.0
FRANCISCAN HEALTH MOORESVILLE,Acute Care Hospitals,5,1,0,60751.0,22362.0
HARLAN ARH HOSPITAL,Acute Care Hospitals,2,0,4,23773.0,5219.0
MINDEN MEDICAL CENTER,Acute Care Hospitals,3,0,1,31486.0,19176.0
UNIVERSITY OF MD HARFORD MEMORIAL HOSPITAL,Acute Care Hospitals,2,0,0,76416.0,18086.0
BETH ISRAEL DEACONESS HOSPITAL - NEEDHAM,Acute Care Hospitals,5,0,1,126866.0,10301.0
HEALTHEAST WOODWINDS HOSPITAL,Acute Care Hospitals,5,1,0,97825.0,42870.0
MERIT HEALTH NATCHEZ,Acute Care Hospitals,3,0,0,30622.0,31860.0
NORTHEAST REGIONAL MEDICAL CENTER,Acute Care Hospitals,4,0,0,37533.0,21513.0
OSWEGO HOSPITAL,Acute Care Hospitals,4,0,1,50104.0,36250.0
AUBURN  COMMUNITY  HOSPITAL,Acute Care Hospitals,2,0,3,48869.0,38550.0
COLUMBUS REGIONAL HEALTHCARE SYSTEM,Acute Care Hospitals,3,0,0,34935.0,19170.0
HUGH CHATHAM MEMORIAL HOSPITAL,Acute Care Hospitals,3,0,1,43733.0,10693.0
SENTARA ALBEMARLE MEDICAL CENTER,Acute Care Hospitals,2,0,1,47274.0,39577.0
STANLY REGIONAL MEDICAL CENTER,Acute Care Hospitals,4,1,0,44270.0,26478.0
MCALESTER REGIONAL HEALTH CENTER,Acute Care Hospitals,2,0,0,47239.0,28069.0
HILLCREST HOSPITAL CLAREMORE,Acute Care Hospitals,4,0,0,51635.0,28184.0
ST LUKE'S HOSPITAL - LEHIGHTON,Acute Care Hospitals,4,0,0,55351.0,19231.0
SOUTHERN TENNESSEE REGIONAL HLTH SYSTEM WINCHESTER,Acute Care Hospitals,4,0,0,46997.0,13999.0
NORTHCREST MEDICAL CENTER,Acute Care Hospitals,2,0,0,52815.0,29098.0
HENRY COUNTY MEDICAL CENTER,Acute Care Hospitals,4,2,0,40555.0,20397.0
VANDERBILT WILSON COUNTY HOSPITAL,Acute Care Hospitals,3,0,0,52303.0,45282.0
PETERSON REGIONAL MEDICAL CENTER,Acute Care Hospitals,4,1,0,47868.0,39626.0
TITUS REGIONAL MEDICAL CENTER,Acute Care Hospitals,3,0,0,46490.0,28560.0
UT HEALTH EAST TEXAS ATHENS HOSPITAL,Acute Care Hospitals,3,1,0,43804.0,16715.0
SETON MEDICAL CENTER HARKER HEIGHTS,Acute Care Hospitals,4,1,0,72284.0,29595.0
THE HOSPITALS OF PROVIDENCE TRANSMOUNTAIN CAMPUS,Acute Care Hospitals,4,0,0,91957.0,4474.0
COOSA VALLEY MEDICAL CENTER,Acute Care Hospitals,4,0,1,33750.0,17895.0
MEDICAL CENTER OF SOUTH ARKANSAS,Acute Care Hospitals,3,0,0,41444.0,31034.0
DAMERON HOSPITAL,Acute Care Hospitals,2,0,1,41218.0,15779.0
COMMUNITY HOSPITAL,Acute Care Hospitals,5,1,0,55647.0,9261.0
PHOEBE SUMTER MEDICAL CENTER,Acute Care Hospitals,2,0,0,28728.0,9369.0
SSM HEALTH ST MARY'S HOSPITAL -CENTRALIA,Acute Care Hospitals,5,2,0,40478.0,21888.0
FRANCISCAN ST. MARGARET HEALTH HAMMOND,Acute Care Hospitals,1,0,3,30353.0,14310.0
KING'S DAUGHTERS' HEALTH,Acute Care Hospitals,3,0,0,49736.0,22001.0
KOSCIUSKO COMMUNITY HOSPITAL,Acute Care Hospitals,3,0,0,55056.0,21380.0
SPENCER MUNICIPAL HOSPITAL,Acute Care Hospitals,3,0,1,46615.0,12497.0
CHRISTUS OCHSNER LAKE AREA HOSPITAL,Acute Care Hospitals,4,0,0,68551.0,35634.0
BAYSTATE FRANKLIN MEDICAL CENTER,Acute Care Hospitals,4,0,0,48477.0,17715.0
HEYWOOD HOSPITAL -,Acute Care Hospitals,4,0,1,48915.0,20496.0
PROMEDICA COLDWATER REGIONAL HOSPITAL,Acute Care Hospitals,3,0,0,47884.0,23482.0
MUNSON HEALTHCARE CADILLAC HOSPITAL,Acute Care Hospitals,5,2,0,44349.0,21128.0
MUNSON HEALTHCARE OTSEGO MEMORIAL HOSPITAL,Acute Care Hospitals,5,0,0,52234.0,19603.0
MAYO CLINIC HEALTH SYSTEM - ALBERT LEA AND AUSTIN,Acute Care Hospitals,3,0,0,47416.0,21152.0
CARRIS HEALTH LLC,Acute Care Hospitals,3,0,0,50319.0,23158.0
MISSOURI DELTA MEDICAL CENTER,Acute Care Hospitals,4,0,0,40634.0,23217.0
UNITED MEMORIAL MEDICAL CENTER,Acute Care Hospitals,3,0,0,50050.0,22692.0
ADIRONDACK MEDICAL CENTER,Acute Care Hospitals,3,0,0,55365.0,7531.0
AURELIA OSBORN FOX MEMORIAL HOSPITAL,Acute Care Hospitals,4,0,1,46659.0,21960.0
VIDANT ROANOKE CHOWAN HOSPITAL,Acute Care Hospitals,4,0,1,36240.0,12015.0
VIDANT BEAUFORT HOSPITAL,Acute Care Hospitals,5,0,1,38407.0,27016.0
GRADY MEMORIAL HOSPITAL,Acute Care Hospitals,4,1,0,71670.0,53852.0
GREAT PLAINS REGIONAL MEDICAL CENTER,Acute Care Hospitals,3,1,0,57311.0,14966.0
PROVIDENCE NEWBERG MEDICAL CENTER,Acute Care Hospitals,5,1,0,63420.0,29345.0
HERITAGE VALLEY SEWICKLEY,Acute Care Hospitals,4,1,1,98109.0,20556.0
UPMC HORIZON,Acute Care Hospitals,5,1,0,47251.0,17442.0
LECONTE MEDICAL CENTER,Acute Care Hospitals,3,0,0,39644.0,23084.0
BAPTIST MEMORIAL HOSPITAL UNION CITY,Acute Care Hospitals,4,0,0,37188.0,16262.0
FAUQUIER HOSPITAL,Acute Care Hospitals,2,0,0,79944.0,14870.0
COMMUNITY MEMORIAL HOSPITAL,Acute Care Hospitals,3,0,0,40010.0,7891.0
GREENBRIER VALLEY MEDICAL CENTER,Acute Care Hospitals,4,0,0,39260.0,4436.0
MARSHFIELD MEDICAL CENTER - RICE LAKE,Acute Care Hospitals,5,0,0,48022.0,15387.0
ASPIRUS RIVERVIEW HOSPITAL & CLINICS INC,Acute Care Hospitals,3,1,0,38304.0,7747.0
ST JOSEPHS COMMUNITY HOSPITAL WEST BEND,Acute Care Hospitals,5,2,0,63157.0,27201.0
BERLIN MEMORIAL HOSPITAL,Critical Access Hospitals,4,0,0,48462.0,8710.0
RUSSELL MEDICAL CENTER,Acute Care Hospitals,5,1,0,36795.0,20896.0
"ST MARY CORWIN MED CTR, CENTURA HEALTH",Acute Care Hospitals,4,1,0,32464.0,26215.0
VALLEY VIEW HOSPITAL ASSOCIATION,Acute Care Hospitals,4,2,0,70724.0,15590.0
DAY KIMBALL HOSPITAL,Acute Care Hospitals,5,2,0,58490.0,9389.0
ADVENTHEALTH GORDON,Acute Care Hospitals,4,0,1,44032.0,40086.0
MEADOWS REGIONAL MEDICAL CENTER,Acute Care Hospitals,5,1,0,40987.0,17397.0
HANCOCK REGIONAL HOSPITAL,Acute Care Hospitals,4,0,0,60490.0,39213.0
MEMORIAL HOSPITAL AND HEALTH CARE CENTER,Acute Care Hospitals,4,2,0,57211.0,21066.0
BAPTIST HEALTH RICHMOND,Acute Care Hospitals,3,0,0,46699.0,60296.0
CLARK REGIONAL MEDICAL CENTER,Acute Care Hospitals,5,2,0,51352.0,35381.0
ANNA JAQUES HOSPITAL,Acute Care Hospitals,3,1,1,89887.0,17890.0
DICKINSON COUNTY MEMORIAL HOSPITAL,Acute Care Hospitals,4,2,0,49435.0,11502.0
MCLAREN CENTRAL MICHIGAN,Acute Care Hospitals,5,3,0,38304.0,50181.0
OAKLAWN HOSPITAL,Acute Care Hospitals,5,3,0,54295.0,14508.0
HANNIBAL REGIONAL HOSPITAL,Acute Care Hospitals,2,0,2,41867.0,22238.0
MARY LANNING HEALTHCARE,Acute Care Hospitals,5,1,0,48889.0,26126.0
PARKLAND MEDICAL CENTER,Acute Care Hospitals,3,0,1,68322.0,33617.0
CORNING HOSPITAL,Acute Care Hospitals,3,0,2,54079.0,19653.0
CARTERET GENERAL HOSPITAL,Acute Care Hospitals,3,0,1,51620.0,14978.0
KNOX COMMUNITY HOSPITAL,Acute Care Hospitals,3,1,1,46712.0,27635.0
FISHER-TITUS HOSPITAL,Acute Care Hospitals,4,0,0,48456.0,23394.0
ASHTABULA COUNTY MEDICAL CENTER,Acute Care Hospitals,4,0,3,36656.0,31774.0
INTEGRIS BASS BAPTIST HEALTH CENTER,Acute Care Hospitals,4,3,1,39351.0,24015.0
TIDELANDS GEORGETOWN MEMORIAL HOSPITAL,Acute Care Hospitals,2,0,1,38003.0,27249.0
KERSHAWHEALTH,Acute Care Hospitals,4,2,1,38515.0,22169.0
"PRAIRIE LAKES HEALTHCARE SYSTEM, INC",Acute Care Hospitals,5,1,0,50986.0,25460.0
CHRISTUS MOTHER FRANCES HOSPITAL SULPHUR SPRINGS,Acute Care Hospitals,4,1,1,45180.0,24802.0
CENTRAL VERMONT MEDICAL CENTER,Acute Care Hospitals,5,2,1,49160.0,16413.0
SENTARA HALIFAX REGIONAL HOSPITAL,Acute Care Hospitals,4,1,0,36987.0,13908.0
"CENTRA SOUTHSIDE COMMUNITY HOSPITAL, INC",Acute Care Hospitals,4,1,0,43701.0,17524.0
DAVIS MEDICAL CENTER,Acute Care Hospitals,3,0,0,41477.0,14112.0
OHIO VALLEY MEDICAL CENTER,Acute Care Hospitals,1,0,1,46717.0,41802.0
ASCENSION ST MICHAELS HOSPITAL,Acute Care Hospitals,5,0,0,47423.0,29125.0
THE MONROE CLINIC,Acute Care Hospitals,5,0,0,50778.0,15122.0
LOMA LINDA UNIVERSITY CHILDREN'S HOSPITAL,Acute Care Hospitals,3,,,54877.0,21341.0
KAISER FOUNDATION HOSPITAL - SOUTH SAN FRANCISCO,Acute Care Hospitals,4,0,0,92089.0,67423.0
KAISER FOUNDATION HOSPITAL,Acute Care Hospitals,4,0,0,99071.0,30872.0
KAISER FOUNDATION HOSPITAL - FREMONT,Acute Care Hospitals,3,0,0,101065.0,67133.0
KAISER FOUNDATION HOSPITAL-MORENO VALLEY,Acute Care Hospitals,3,0,0,81104.0,43436.0
ANAHEIM GLOBAL MEDICAL CENTER,Acute Care Hospitals,1,0,1,59934.0,73140.0
"WOMANS HOSPITAL OF TEXAS,THE",Acute Care Hospitals,4,0,0,48681.0,22517.0
KAISER FOUNDATION HOSPITAL - ANTIOCH,Acute Care Hospitals,4,0,0,93466.0,43285.0
WOMANS HOSPITAL,Acute Care Hospitals,4,0,0,86968.0,35398.0
METROPOLITAN HOSPITAL CENTER,Acute Care Hospitals,3,0,0,34015.0,80866.0
METRO NASHVILLE GENERAL HOSPITAL,Acute Care Hospitals,1,0,1,33105.0,17407.0
"MARTIN LUTHER KING, JR. COMMUNITY HOSPITAL",Acute Care Hospitals,3,0,2,37653.0,47351.0
LARKIN COMMUNITY HOSPITAL,Acute Care Hospitals,3,0,1,65581.0,32153.0
WOODHULL MEDICAL & MENTAL HEALTH CENTER,Acute Care Hospitals,2,0,2,34122.0,87767.0
BAYLOR SCOTT & WHITE MEDICAL CENTER - FRISCO,Acute Care Hospitals,3,0,1,116962.0,95996.0
WEST ANAHEIM MEDICAL CENTER,Acute Care Hospitals,3,1,0,55736.0,88065.0
MEMORIAL HOSPITAL OF GARDENA,Acute Care Hospitals,3,0,0,46076.0,47969.0
COLLEGE MEDICAL CENTER,Acute Care Hospitals,1,0,1,50615.0,42587.0
KERALTY HOSPITAL,Acute Care Hospitals,2,0,4,60853.0,46324.0
ST BERNARD HOSPITAL,Acute Care Hospitals,1,0,3,19845.0,30496.0
HARLEM HOSPITAL CENTER,Acute Care Hospitals,1,0,2,39979.0,21184.0
INTERFAITH MEDICAL CENTER,Acute Care Hospitals,1,0,2,40604.0,66503.0
WOMEN & INFANTS HOSPITAL OF RHODE ISLAND,Acute Care Hospitals,3,0,0,41050.0,25497.0
CALIFORNIA PACIFIC MEDICAL CTR-DAVIES CAMPUS HOSP,Acute Care Hospitals,3,0,0,132979.0,43610.0
PARADISE VALLEY HOSPITAL,Acute Care Hospitals,3,1,1,42942.0,62386.0
SOUTHERN CALIFORNIA HOSPITAL AT HOLLYWOOD,Acute Care Hospitals,2,0,3,40068.0,31054.0
LOS ANGELES COMMUNITY HOSPITAL,Acute Care Hospitals,4,0,0,40225.0,47229.0
WHITTIER HOSPITAL MEDICAL CENTER,Acute Care Hospitals,5,1,0,66963.0,41818.0
CEDAR-SINAI MARINA DEL REY HOSPITAL,Acute Care Hospitals,3,0,2,88078.0,27170.0
SHERMAN OAKS HOSPITAL,Acute Care Hospitals,5,1,2,89552.0,24677.0
UNITED MEDICAL CENTER,Acute Care Hospitals,1,0,2,35047.0,42257.0
PIEDMONT COLUMBUS REGIONAL NORTHSIDE,Acute Care Hospitals,3,0,0,57915.0,38202.0
EMORY HILLANDALE HOSPITAL,Acute Care Hospitals,2,0,1,48811.0,56428.0
UNIVERSITY OF MD MEDICAL CENTER MIDTOWN CAMPUS,Acute Care Hospitals,3,0,1,33877.0,16595.0
BARNES-JEWISH WEST COUNTY HOSPITAL,Acute Care Hospitals,4,0,0,110645.0,20229.0
EAST ORANGE GENERAL HOSPITAL,Acute Care Hospitals,2,0,2,42335.0,28922.0
NASSAU UNIVERSITY MEDICAL CENTER,Acute Care Hospitals,1,0,2,94513.0,37195.0
ST JOHN'S EPISCOPAL HOSPITAL AT SOUTH SHORE,Acute Care Hospitals,1,0,3,42434.0,65356.0
"OKLAHOMA SURGICAL HOSPITAL, LLC",Acute Care Hospitals,5,1,0,87667.0,28046.0
SCHUYLKILL MEDICAL CENTER - SOUTH JACKSON STREET,Acute Care Hospitals,1,0,1,45066.0,23298.0
AUXILIO MUTUO HOSPITAL,Acute Care Hospitals,2,0,1,23333.0,16595.0
TEXAS VISTA MEDICAL CENTER,Acute Care Hospitals,2,0,0,47919.0,21636.0
AMERICAN FORK HOSPITAL,Acute Care Hospitals,3,2,0,86767.0,46939.0
RIVERTON HOSPITAL,Acute Care Hospitals,4,2,0,93646.0,41838.0
ATHENS LIMESTONE HOSPITAL,Acute Care Hospitals,3,1,0,35651.0,25979.0
ST LUKE'S MEDICAL CENTER,Acute Care Hospitals,2,0,0,32166.0,27671.0
BANNER-UNIVERSITY MEDICAL CENTER SOUTH CAMPUS,Acute Care Hospitals,4,1,0,33028.0,46071.0
SAINT FRANCIS MEMORIAL HOSPITAL,Acute Care Hospitals,2,0,1,79979.0,56587.0
SAN DIMAS COMMUNITY HOSPITAL,Acute Care Hospitals,4,0,1,81020.0,34555.0
EMANATE HEALTH FOOTHILL PRESBYTERIAN HOSPITAL,Acute Care Hospitals,2,1,1,76825.0,26067.0
BAYFRONT HEALTH PUNTA GORDA,Acute Care Hospitals,3,0,1,52347.0,21045.0
LEHIGH REGIONAL MEDICAL CENTER,Acute Care Hospitals,4,1,1,37490.0,22768.0
SANTA ROSA MEDICAL CENTER,Acute Care Hospitals,3,1,1,54891.0,30099.0
LOWER KEYS MEDICAL CENTER,Acute Care Hospitals,3,0,0,62663.0,34713.0
ENGLEWOOD COMMUNITY HOSPITAL,Acute Care Hospitals,4,1,0,51845.0,17151.0
NAVICENT HEALTH BALDWIN,Acute Care Hospitals,3,0,1,36874.0,44209.0
PASSAVANT AREA HOSPITAL,Acute Care Hospitals,5,2,0,47538.0,26858.0
SAINT ANTHONY HOSPITAL,Acute Care Hospitals,3,0,0,31445.0,88586.0
ADVENTIST GLENOAKS,Acute Care Hospitals,3,0,0,62697.0,34547.0
FINLEY HOSPITAL,Acute Care Hospitals,5,1,0,47404.0,43525.0
MERCY REGIONAL MEDICAL CENTER,Acute Care Hospitals,5,0,0,30631.0,19893.0
SINGING RIVER GULFPORT,Acute Care Hospitals,3,0,0,49019.0,53949.0
ST MARYS MEDICAL CENTER,Acute Care Hospitals,4,0,1,71503.0,24865.0
CAREPOINT HEALTH-CHRIST HOSPITAL,Acute Care Hospitals,2,0,3,51197.0,55298.0
NEWARK-WAYNE COMMUNITY HOSPITAL,Acute Care Hospitals,3,0,3,43037.0,13776.0
MOUNT ST. MARY'S HOSPITAL & HEALTH CENTER,Acute Care Hospitals,3,0,0,63545.0,11331.0
KINGSBROOK JEWISH MEDICAL CENTER,Acute Care Hospitals,1,0,3,48140.0,75989.0
CENTRAL CAROLINA HOSPITAL,Acute Care Hospitals,2,0,0,48056.0,39532.0
WILKES REGIONAL MEDICAL CENTER,Acute Care Hospitals,4,1,1,29613.0,20395.0
UNION HOSPITAL,Acute Care Hospitals,5,2,0,50205.0,18140.0
INTEGRIS CANADIAN VALLEY HOSPITAL,Acute Care Hospitals,3,0,1,70974.0,66693.0
"OKLAHOMA HEART HOSPITAL, LLC",Acute Care Hospitals,5,1,0,50568.0,35936.0
PROVIDENCE WILLAMETTE FALLS MEDICAL CENTER,Acute Care Hospitals,3,0,0,73618.0,54861.0
NEWPORT HOSPITAL,Acute Care Hospitals,4,0,0,65317.0,23267.0
COLLETON MEDICAL CENTER,Acute Care Hospitals,3,0,1,33975.0,21306.0
MUSC HEALTH LANCASTER MEDICAL CENTER,Acute Care Hospitals,3,0,0,39008.0,46908.0
DYERSBURG REGIONAL MEDICAL CENTER,Acute Care Hospitals,2,0,2,42722.0,27117.0
DALLAS MEDICAL CENTER,Acute Care Hospitals,4,0,0,61680.0,32589.0
HILL COUNTRY MEMORIAL HOSPITAL INC,Acute Care Hospitals,5,2,0,57104.0,21687.0
ASCENSION SETON NORTHWEST,Acute Care Hospitals,4,1,0,76749.0,41847.0
SWEDISH MEDICAL CENTER / CHERRY HILL,Acute Care Hospitals,5,1,0,72018.0,37270.0
AURORA MEMORIAL HOSPITAL BURLINGTON,Acute Care Hospitals,3,0,0,66699.0,29215.0
TEXAS HEALTH PRESBYTERIAN HOSPITAL ROCKWALL,Acute Care Hospitals,5,0,1,101851.0,31399.0
"ARKANSAS HEART HOSPITAL, LLC",Acute Care Hospitals,4,0,2,62257.0,22331.0
ST ROSE HOSPITAL,Acute Care Hospitals,1,0,4,84579.0,32495.0
DOCTORS HOSPITAL OF MANTECA,Acute Care Hospitals,2,0,1,61881.0,47166.0
JOHN F KENNEDY MEMORIAL HOSPITAL,Acute Care Hospitals,2,0,0,42329.0,64283.0
PLACENTIA LINDA HOSPITAL,Acute Care Hospitals,3,0,0,88610.0,53642.0
BAKERSFIELD HEART HOSPITAL,Acute Care Hospitals,3,0,0,44410.0,54042.0
PLATTE VALLEY MEDICAL CENTER,Acute Care Hospitals,5,1,0,67817.0,38793.0
HIGHLANDS REGIONAL MEDICAL CENTER,Acute Care Hospitals,2,0,1,30268.0,21952.0
RAULERSON HOSPITAL,Acute Care Hospitals,4,0,3,37028.0,20121.0
PALM BAY HOSPITAL,Acute Care Hospitals,5,0,0,47305.0,42895.0
PROCTOR HOSPITAL,Acute Care Hospitals,5,0,0,60264.0,28305.0
MORRIS HOSPITAL & HEALTHCARE CENTERS,Acute Care Hospitals,5,1,0,66495.0,20650.0
ST ELIZABETH DEARBORN,Acute Care Hospitals,4,0,0,62721.0,22682.0
FRANCISCAN HEALTH MUNSTER,Acute Care Hospitals,2,1,2,78251.0,23005.0
CHI HEALTH MERCY COUNCIL BLUFFS,Acute Care Hospitals,5,0,0,64628.0,37194.0
MERCYONE CLINTON MEDICAL CENTER,Acute Care Hospitals,4,1,0,43761.0,27227.0
NMC HEALTH,Acute Care Hospitals,5,0,0,52262.0,21489.0
SAINT LUKE'S SOUTH HOSPITAL,Acute Care Hospitals,5,2,0,91989.0,28476.0
UNIVERSITY HOSPITAL & CLINICS,Acute Care Hospitals,4,0,0,43677.0,42132.0
NORTHERN LOUISIANA MEDICAL CENTER,Acute Care Hospitals,4,1,1,32729.0,31240.0
ST JOSEPH HOSPITAL,Acute Care Hospitals,3,0,3,46493.0,44578.0
ATLANTIC GENERAL HOSPITAL,Acute Care Hospitals,4,1,0,65203.0,22914.0
MORTON HOSPITAL,Acute Care Hospitals,2,0,3,53201.0,50358.0
FAULKNER HOSPITAL-BRIGHAM AND WOMEN'S,Acute Care Hospitals,4,1,2,84847.0,39435.0
RIDGEVIEW MEDICAL CENTER,Acute Care Hospitals,4,0,1,90105.0,13238.0
BELLEVUE MEDICAL CENTER,Acute Care Hospitals,4,0,1,74267.0,31770.0
ST FRANCIS MEDICAL CENTER,Acute Care Hospitals,2,0,1,61058.0,14051.0
"PASCACK VALLEY MEDICAL CENTER, HACKENSACK MERIDIAN",Acute Care Hospitals,3,0,0,119748.0,27300.0
EASTERN NEW MEXICO MEDICAL CENTER,Acute Care Hospitals,2,0,0,48632.0,26506.0
BETSY JOHNSON REGIONAL HOSPITAL,Acute Care Hospitals,3,0,0,36840.0,25103.0
LAKE NORMAN REGIONAL MEDICAL CENTER,Acute Care Hospitals,3,0,1,85376.0,38140.0
UNIVERSITY HOSPITALS PORTAGE MEDICAL CENTER,Acute Care Hospitals,4,1,0,47302.0,33531.0
"JANE PHILLIPS MEMORIAL MEDICAL CENTER, INC",Acute Care Hospitals,3,2,1,61405.0,26803.0
OKLAHOMA STATE UNIVERSITY MEDICAL CENTER,Acute Care Hospitals,3,0,1,37641.0,15907.0
EVANGELICAL COMMUNITY HOSPITAL,Acute Care Hospitals,5,1,0,51723.0,19764.0
ALLEGHENY VALLEY HOSPITAL,Acute Care Hospitals,4,1,0,54387.0,11604.0
ACMH HOSPITAL,Acute Care Hospitals,4,0,0,43535.0,17608.0
WESTERLY HOSPITAL,Acute Care Hospitals,4,0,0,62743.0,21031.0
CUMBERLAND MEDICAL CENTER,Acute Care Hospitals,3,0,0,35788.0,19464.0
TRISTAR HORIZON MEDICAL CENTER,Acute Care Hospitals,4,0,1,42417.0,27549.0
TENNOVA HEALTHCARE-HARTON,Acute Care Hospitals,3,0,1,43067.0,25199.0
GUADALUPE REGIONAL MEDICAL CENTER,Acute Care Hospitals,5,0,0,51274.0,47469.0
MEDICAL CITY WEATHERFORD,Acute Care Hospitals,4,1,0,55777.0,22311.0
HUNTSVILLE MEMORIAL HOSPITAL,Acute Care Hospitals,1,0,2,35563.0,29900.0
LAKE GRANBURY MEDICAL CENTER,Acute Care Hospitals,4,0,0,48607.0,23702.0
BAYLOR SCOTT & WHITE MEDICAL CENTER-WHITE ROCK,Acute Care Hospitals,3,0,1,70272.0,22264.0
BAYLOR SCOTT AND WHITE MEDICAL CENTER CARROLLTON,Acute Care Hospitals,4,0,0,81856.0,27822.0
MEDICAL CITY LAS COLINAS,Acute Care Hospitals,3,0,0,89845.0,18010.0
BAYLOR SCOTT &  WHITE MEDICAL CENTER - CENTENNIAL,Acute Care Hospitals,3,0,1,122843.0,65264.0
SALT LAKE REGIONAL MEDICAL CENTER,Acute Care Hospitals,3,0,0,40909.0,17859.0
"STAFFORD HOSPITAL, LLC",Acute Care Hospitals,3,0,3,112639.0,55098.0
GRAYS HARBOR COMMUNITY HOSPITAL,Acute Care Hospitals,3,0,0,44645.0,23707.0
LOGAN REGIONAL MEDICAL CENTER,Acute Care Hospitals,4,0,1,48108.0,5420.0
ST MARY'S HOSPITAL MEDICAL CENTER,Acute Care Hospitals,3,0,1,38658.0,27990.0
CHI ST LUKE'S PATIENTS MEDICAL CENTER,Acute Care Hospitals,3,1,0,77490.0,24230.0
ST LUKE'S SUGAR LAND HOSPITAL,Acute Care Hospitals,2,0,1,91431.0,25846.0
ST LUKE'S HOSPITAL AT THE VINTAGE,Acute Care Hospitals,3,0,0,69038.0,51080.0
SIERRA NEVADA MEMORIAL HOSPITAL,Acute Care Hospitals,3,0,0,44312.0,25462.0
ADVENTIST HEALTH UKIAH VALLEY,Acute Care Hospitals,3,2,0,46462.0,31993.0
SUTTER AUBURN FAITH HOSPITAL,Acute Care Hospitals,5,3,0,62738.0,29083.0
CENTURA HEALTH-AVISTA ADVENTIST HOSPITAL,Acute Care Hospitals,5,0,0,105009.0,33286.0
WILCOX MEMORIAL HOSPITAL,Acute Care Hospitals,5,0,0,71765.0,18252.0
MERCY HOSPITAL,Acute Care Hospitals,5,1,2,64577.0,24694.0
HUTCHINSON REGIONAL MEDICAL CENTER INC,Acute Care Hospitals,2,0,1,61229.0,23834.0
KANSAS MEDICAL CENTER LLC,Acute Care Hospitals,4,3,1,85525.0,14491.0
MURRAY-CALLOWAY COUNTY HOSPITAL,Acute Care Hospitals,3,0,1,36754.0,31052.0
ACADIA GENERAL HOSPITAL,Acute Care Hospitals,3,0,0,31322.0,18556.0
DOUGLAS COUNTY HOSPITAL,Acute Care Hospitals,5,1,0,57755.0,24884.0
LAKEVIEW MEMORIAL HOSPITAL,Acute Care Hospitals,5,1,0,88393.0,36564.0
FRISBIE MEMORIAL HOSPITAL,Acute Care Hospitals,4,2,0,53022.0,21214.0
ST LUKE'S WARREN HOSPITAL,Acute Care Hospitals,5,0,0,60887.0,28883.0
MONMOUTH MEDICAL CENTER - SOUTHERN CAMPUS,Acute Care Hospitals,3,0,2,45321.0,99467.0
CLAXTON-HEPBURN MEDICAL CENTER,Acute Care Hospitals,2,1,1,46905.0,15733.0
NORTHERN REGIONAL HOSPITAL,Acute Care Hospitals,4,1,0,36551.0,36316.0
HARRIS REGIONAL HOSPITAL,Acute Care Hospitals,3,0,1,51769.0,17367.0
PARK RIDGE HEALTH,Acute Care Hospitals,5,1,0,43896.0,33643.0
MARIA PARHAM MEDICAL CENTER,Acute Care Hospitals,3,0,2,25122.0,16574.0
WESTERN RESERVE HOSPITAL,Acute Care Hospitals,5,1,0,59809.0,17732.0
SAMARITAN ALBANY GENERAL HOSPITAL,Acute Care Hospitals,4,0,0,67400.0,26843.0
UPMC MCKEESPORT HOSPITAL,Acute Care Hospitals,4,1,0,30273.0,21571.0
UPMC NORTHWEST,Acute Care Hospitals,5,1,1,48750.0,3255.0
WAYNE MEMORIAL HOSPITAL,Acute Care Hospitals,4,2,0,45263.0,12105.0
ST LUKE'S HOSPITAL - MONROE CAMPUS,Acute Care Hospitals,4,1,2,58785.0,26749.0
LANDMARK MEDICAL CENTER,Acute Care Hospitals,4,0,0,38340.0,41508.0
AVERA ST LUKES,Acute Care Hospitals,5,2,0,52059.0,32362.0
INDIAN PATH COMMUNITY HOSPITAL,Acute Care Hospitals,3,1,0,36515.0,39510.0
HARLINGEN MEDICAL CENTER,Acute Care Hospitals,5,1,0,36069.0,52746.0
AURORA SHEBOYGAN MEMORIAL MEDICAL CTR,Acute Care Hospitals,5,3,0,67704.0,20344.0
ASCENSION ST FRANCIS HOSPITAL,Acute Care Hospitals,2,0,1,35803.0,62134.0
FAIRBANKS MEMORIAL HOSPITAL,Acute Care Hospitals,3,1,0,58275.0,17608.0
VERDE VALLEY MEDICAL CENTER,Acute Care Hospitals,4,3,0,40571.0,24848.0
PIONEERS MEMORIAL HEALTHCARE DISTRICT,Acute Care Hospitals,3,0,0,44127.0,27358.0
MCKEE MEDICAL CENTER,Acute Care Hospitals,4,2,1,64808.0,46754.0
ST FRANCIS HOSPITAL,Acute Care Hospitals,2,0,0,42418.0,39697.0
CGH MEDICAL CENTER,Acute Care Hospitals,4,0,0,52192.0,21461.0
OSF SAINT ANTHONY'S HEALTH CENTER,Acute Care Hospitals,4,1,0,42464.0,31489.0
LOUIS A WEISS MEMORIAL HOSPITAL,Acute Care Hospitals,2,0,2,50488.0,68258.0
FHN MEMORIAL HOSPITAL,Acute Care Hospitals,4,0,0,40698.0,30271.0
GENESIS HLTH SYSTEM DBA GENESIS MDL CTR-ILLINI,Acute Care Hospitals,3,1,0,48373.0,7865.0
COMMUNITY HOWARD REGIONAL HEALTH INC.,Acute Care Hospitals,4,0,0,48332.0,35568.0
MARION GENERAL HOSPITAL,Acute Care Hospitals,5,1,0,44230.0,19079.0
RIVERVIEW HEALTH,Acute Care Hospitals,3,0,0,71036.0,39986.0
HIGHLANDS ARH REGIONAL MEDICAL CENTER,Acute Care Hospitals,2,0,2,32813.0,10776.0
ST CLAIRE REGIONAL MEDICAL CENTER,Acute Care Hospitals,4,0,1,38255.0,21064.0
TAYLOR REGIONAL HOSPITAL,Acute Care Hospitals,3,0,3,36539.0,25478.0
WEST CALCASIEU CAMERON HOSPITAL,Acute Care Hospitals,3,0,2,53169.0,27039.0
LANE REGIONAL MEDICAL CENTER,Acute Care Hospitals,2,0,0,72631.0,26685.0
CALVERTHEALTH MEDICAL CENTER,Acute Care Hospitals,4,2,0,88822.0,12646.0
EMMA L BIXBY MEDICAL CENTER,Acute Care Hospitals,5,0,0,45422.0,40937.0
CITIZENS MEMORIAL HOSPITAL,Acute Care Hospitals,3,0,0,44853.0,17445.0
GREAT PLAINS HEALTH,Acute Care Hospitals,4,0,1,54311.0,29324.0
ST MARY'S GENERAL HOSPITAL,Acute Care Hospitals,3,0,2,34958.0,71097.0
GERALD CHAMPION REGIONAL MEDICAL CENTER,Acute Care Hospitals,2,1,1,45660.0,36010.0
NORTHERN DUTCHESS HOSPITAL,Acute Care Hospitals,5,0,0,79628.0,8626.0
VIDANT EDGECOMBE HOSPITAL,Acute Care Hospitals,4,0,1,34938.0,20624.0
SOUTHEASTERN OHIO REGIONAL MEDICAL CENTER,Acute Care Hospitals,3,0,0,38367.0,20002.0
SSM HEALTH ST ANTHONY HOSPITAL - SHAWNEE,Acute Care Hospitals,2,0,0,50148.0,20930.0
TUALITY COMMUNITY HOSPITAL,Acute Care Hospitals,4,1,0,71397.0,47681.0
UPMC SOMERSET,Acute Care Hospitals,4,0,0,47001.0,16223.0
POTTSTOWN HOSPITAL,Acute Care Hospitals,2,0,1,56528.0,46903.0
NACOGDOCHES COUNTY HOSPITAL DISTRICT,Acute Care Hospitals,3,0,1,36073.0,15484.0
LOGAN REGIONAL HOSPITAL,Acute Care Hospitals,4,1,1,48159.0,22978.0
SOUTHWESTERN VERMONT MEDICAL CENTER,Acute Care Hospitals,4,1,0,47276.0,14319.0
TRIOS HEALTH,Acute Care Hospitals,2,1,0,45263.0,51089.0
ADVENTIST HEALTH ST HELENA,Acute Care Hospitals,5,0,0,83720.0,9100.0
PRESENCE SAINT JOSEPH HOSPITAL - ELGIN,Acute Care Hospitals,3,0,1,59952.0,48177.0
HAYS MEDICAL CENTER,Acute Care Hospitals,4,0,0,47006.0,23990.0
OZARKS HEALTHCARE,Acute Care Hospitals,3,0,0,36258.0,24961.0
LIMA MEMORIAL HEALTH SYSTEM,Acute Care Hospitals,3,0,0,32115.0,15294.0
KAISER FOUNDATION HOSPITAL - WALNUT CREEK,Acute Care Hospitals,3,0,0,88527.0,20881.0
KAISER FOUNDATION HOSPITAL - PANORAMA CITY,Acute Care Hospitals,3,0,0,41669.0,71317.0
KAISER FOUNDATION HOSPITAL - SOUTH BAY,Acute Care Hospitals,4,0,0,57968.0,28667.0
KAISER FOUNDATION HOSPITAL - REDWOOD CITY,Acute Care Hospitals,3,0,0,64720.0,33999.0
KAISER FOUNDATION HOSPITAL - WEST LA,Acute Care Hospitals,1,0,0,65572.0,56070.0
KAISER FOUNDATION HOSPITAL - WOODLAND HILLS,Acute Care Hospitals,3,0,0,84937.0,43370.0
KAISER FOUNDATION HOSPITAL-SANTA ROSA,Acute Care Hospitals,4,0,0,68550.0,46288.0
KAISER FOUNDATION HOSPITAL - FRESNO,Acute Care Hospitals,4,0,0,80223.0,46813.0
KAISER FOUNDATION HOSPITAL MANTECA,Acute Care Hospitals,2,0,0,78064.0,36700.0
KAISER FOUNDATION HOSPITAL - VACAVILLE,Acute Care Hospitals,3,0,0,82809.0,36745.0
KAISER FOUNDATION HOSPITAL - SAN LEANDRO,Acute Care Hospitals,1,0,0,67686.0,47822.0
KAISER FOUNDATION HOSPITAL - WESTSIDE,Acute Care Hospitals,3,0,0,84009.0,53582.0
KAISER FOUNDATION HOSPITAL - ROSEVILLE,Acute Care Hospitals,3,0,0,78119.0,31085.0
KAISER FOUNDATION HOSPITAL-SAN JOSE,Acute Care Hospitals,4,1,0,120071.0,10754.0
HOSPITAL FOR SPECIAL SURGERY,Acute Care Hospitals,5,2,0,123842.0,44983.0
KAISER FOUNDATION HOSPITAL AND REHAB CENTER,Acute Care Hospitals,5,1,0,59558.0,30833.0
COMMUNITY HOSPITAL OF SAN BERNARDINO,Acute Care Hospitals,3,0,0,37266.0,26239.0
JACOBI MEDICAL CENTER,Acute Care Hospitals,1,0,1,55847.0,51021.0
QUEENS HOSPITAL CENTER,Acute Care Hospitals,1,0,2,52975.0,65098.0
KAISER FOUNDATION HOSP SO SACRAMENTO,Acute Care Hospitals,3,0,0,42182.0,78398.0
MISSION COMMUNITY HOSPITAL,Acute Care Hospitals,5,1,0,41669.0,71317.0
ORANGE COUNTY GLOBAL MEDICAL CENTER,Acute Care Hospitals,2,0,0,94194.0,46833.0
CAPITAL HEALTH REGIONAL MEDICAL CENTER,Acute Care Hospitals,2,0,1,50754.0,22484.0
BRONX HEALTH SYSTEM,Acute Care Hospitals,2,0,2,26724.0,94667.0
LINCOLN MEDICAL & MENTAL HEALTH CENTER,Acute Care Hospitals,1,0,1,26979.0,48240.0
ST BARNABAS HOSPITAL,Acute Care Hospitals,1,1,0,27036.0,75668.0
PARKVIEW COMMUNITY HOSPITAL MEDICAL CENTER,Acute Care Hospitals,1,0,1,62998.0,94523.0
SAINT FRANCIS MEDICAL CENTER,Acute Care Hospitals,1,0,2,45897.0,71306.0
SAN JOAQUIN GENERAL HOSPITAL,Acute Care Hospitals,1,0,0,40172.0,4863.0
NATIVIDAD MEDICAL CENTER,Acute Care Hospitals,3,0,1,61192.0,65464.0
CONTRA COSTA REGIONAL MEDICAL CENTER,Acute Care Hospitals,4,0,0,89703.0,49748.0
BEVERLY HOSPITAL,Acute Care Hospitals,2,0,3,50326.0,63547.0
CENTINELA HOSPITAL MEDICAL CENTER,Acute Care Hospitals,4,0,2,42100.0,37518.0
HOMESTEAD HOSPITAL,Acute Care Hospitals,3,0,0,43369.0,57924.0
MEMORIAL HOSPITAL PEMBROKE,Acute Care Hospitals,3,0,1,56172.0,74780.0
WEST KENDALL BAPTIST HOSPITAL,Acute Care Hospitals,4,0,1,73382.0,49857.0
HOLY CROSS GERMANTOWN HOSPITAL,Acute Care Hospitals,3,0,2,95338.0,27348.0
MERIT HEALTH RIVER OAKS,Acute Care Hospitals,3,0,2,57755.0,7402.0
ELMHURST HOSPITAL CENTER,Acute Care Hospitals,1,0,3,49098.0,96353.0
FLUSHING HOSPITAL MEDICAL CENTER,Acute Care Hospitals,1,0,3,38370.0,82890.0
WYCKOFF HEIGHTS MEDICAL CENTER,Acute Care Hospitals,1,0,4,51269.0,52319.0
FRANKLIN WOODS COMMUNITY HOSPITAL,Acute Care Hospitals,4,0,2,38078.0,35256.0
CALIFORNIA HOSPITAL MEDICAL CENTER LA,Acute Care Hospitals,3,0,0,32979.0,20187.0
ST MARY MEDICAL CENTER,Acute Care Hospitals,2,0,2,34257.0,60935.0
CORONA REGIONAL MEDICAL CENTER,Acute Care Hospitals,4,0,0,70235.0,71188.0
MERCY HOSPITAL OF FOLSOM,Acute Care Hospitals,4,0,0,106843.0,75864.0
SIERRA VISTA REGIONAL MEDICAL CENTER,Acute Care Hospitals,4,1,0,44464.0,35534.0
ADVENTHEALTH NORTH PINELLAS,Acute Care Hospitals,5,0,0,44487.0,27398.0
FLORIDA HOSPITAL CARROLLWOOD,Acute Care Hospitals,5,0,0,37115.0,47751.0
CORAL GABLES HOSPITAL,Acute Care Hospitals,4,0,0,65197.0,42496.0
UNIVERSITY HOSPITAL AND MEDICAL CENTER,Acute Care Hospitals,1,0,3,45010.0,48037.0
LAWNWOOD REGIONAL MEDICAL CENTER & HEART INSTITUTE,Acute Care Hospitals,1,0,4,23068.0,15805.0
DOCTORS HOSPITAL,Acute Care Hospitals,5,0,0,116536.0,15713.0
HOLY CROSS HOSPITAL,Acute Care Hospitals,1,0,2,41856.0,114129.0
ASCENSION ST VINCENT CARMEL,Acute Care Hospitals,4,0,0,97184.0,47108.0
TRINITY - BETTENDORF,Acute Care Hospitals,2,0,0,77221.0,36626.0
ST ELIZABETH FLORENCE,Acute Care Hospitals,4,0,1,57999.0,51545.0
CARNEY HOSPITAL,Acute Care Hospitals,3,0,0,50227.0,55074.0
DETROIT RECEIVING HOSPITAL,Acute Care Hospitals,1,0,3,14909.0,15181.0
MAPLE GROVE HOSPITAL,Acute Care Hospitals,5,2,0,82279.0,35508.0
MERIT HEALTH BILOXI,Acute Care Hospitals,1,0,0,32857.0,8164.0
CAREPOINT HEALTH - BAYONNE MEDICAL CENTER,Acute Care Hospitals,2,0,3,56701.0,66719.0
UNM SANDOVAL REGIONAL MEDICAL CENTER,Acute Care Hospitals,3,0,1,68977.0,41413.0
HEALTHALLIANCE HOSPITAL BROADWAY CAMPUS,Acute Care Hospitals,2,0,1,51016.0,35258.0
JAMAICA HOSPITAL MEDICAL CENTER,Acute Care Hospitals,1,0,2,67003.0,39267.0
FINGER LAKE HEALTH-GENEVA GENERAL HOSPITAL,Acute Care Hospitals,2,0,2,45955.0,19599.0
NYC HEALTH + HOSPITALS/CONEY ISLAND,Acute Care Hospitals,1,0,4,49653.0,80222.0
KINGS COUNTY HOSPITAL CENTER,Acute Care Hospitals,1,0,4,48140.0,75989.0
BELLEVUE HOSPITAL CENTER,Acute Care Hospitals,1,0,2,109250.0,51448.0
RUTHERFORD REGIONAL MEDICAL CENTER,Acute Care Hospitals,2,1,0,43007.0,20288.0
HALIFAX REGIONAL MEDICAL CENTER INC,Acute Care Hospitals,3,0,1,34889.0,26033.0
UH REGIONAL HOSPITALS,Acute Care Hospitals,5,0,0,61142.0,24067.0
MERCY HEALTH - ST CHARLES HOSPITAL,Acute Care Hospitals,4,0,1,57185.0,20537.0
EUCLID HOSPITAL,Acute Care Hospitals,4,0,1,36620.0,12302.0
MEDINA HOSPITAL,Acute Care Hospitals,4,0,0,76741.0,62656.0
MERCY HEALTH - CLERMONT HOSPITAL,Acute Care Hospitals,4,1,0,64353.0,33348.0
DUBLIN METHODIST HOSPITAL,Acute Care Hospitals,5,2,0,87004.0,35673.0
CLEVELAND CLINIC AVON HOSPITAL,Acute Care Hospitals,5,2,0,92883.0,22538.0
"DUNCAN REGIONAL HOSPITAL, INC",Acute Care Hospitals,4,0,1,44203.0,27542.0
SOUTHWESTERN MEDICAL CENTER,Acute Care Hospitals,4,0,0,50434.0,49421.0
HEART OF LANCASTER REGIONAL MEDICAL CENTER,Acute Care Hospitals,4,0,1,72643.0,43481.0
MEMORIAL HERMANN NORTHEAST HOSPITAL,Acute Care Hospitals,3,0,3,50263.0,40335.0
TIMPANOGOS REGIONAL HOSPITAL,Acute Care Hospitals,3,0,0,54879.0,39902.0
MULTICARE VALLEY HOSPITAL,Acute Care Hospitals,3,0,1,44139.0,26455.0
RALEIGH GENERAL HOSPITAL,Acute Care Hospitals,1,0,3,42376.0,33352.0
RIVERVIEW REGIONAL MEDICAL CENTER,Acute Care Hospitals,4,0,1,37260.0,19950.0
SOUTH BALDWIN REGIONAL MEDICAL CENTER,Acute Care Hospitals,4,0,0,42170.0,28793.0
USA HEALTH UNIVERSITY HOSPITAL,Acute Care Hospitals,3,0,0,27039.0,14208.0
ABRAZO SCOTTSDALE CAMPUS,Acute Care Hospitals,3,0,0,51763.0,71603.0
ST MARYS REGIONAL MEDICAL CENTER,Acute Care Hospitals,3,0,1,31685.0,19643.0
SALINE MEMORIAL HOSPITAL,Acute Care Hospitals,3,0,0,51517.0,29978.0
REGIONAL MEDICAL CENTER OF SAN JOSE,Acute Care Hospitals,2,0,3,56299.0,56243.0
MADERA COMMUNITY HOSPITAL,Acute Care Hospitals,2,0,1,49937.0,40986.0
SAN RAMON REGIONAL MEDICAL CENTER,Acute Care Hospitals,2,0,0,137719.0,35244.0
DESERT VALLEY HOSPITAL,Acute Care Hospitals,3,0,3,43395.0,41785.0
OLYMPIA MEDICAL CENTER,Acute Care Hospitals,2,0,2,74279.0,38116.0
ALVARADO HOSPITAL MEDICAL CENTER,Acute Care Hospitals,4,0,0,88202.0,29392.0
LONGMONT UNITED HOSPITAL,Acute Care Hospitals,3,1,0,52946.0,41996.0
BAYFRONT HEALTH BROOKSVILLE,Acute Care Hospitals,2,0,0,38704.0,21946.0
DOCTORS HOSPITAL OF SARASOTA,Acute Care Hospitals,5,0,1,59909.0,17166.0
PUTNAM COMMUNITY MEDICAL CENTER,Acute Care Hospitals,2,0,2,32500.0,26331.0
BAYFRONT HEALTH SEVEN RIVERS,Acute Care Hospitals,1,0,0,38534.0,9455.0
SACRED HEART HOSPITAL ON THE EMERALD COAST,Acute Care Hospitals,4,1,0,63913.0,8290.0
LAKEWOOD RANCH MEDICAL CENTER,Acute Care Hospitals,5,3,1,95610.0,22462.0
ADVENTHEALTH WESLEY CHAPEL,Acute Care Hospitals,5,1,0,78629.0,25720.0
PIEDMONT NEWTON HOSPITAL,Acute Care Hospitals,4,0,0,46718.0,37359.0
EAST GEORGIA REGIONAL MEDICAL CENTER,Acute Care Hospitals,3,0,1,32029.0,43445.0
KUAKINI MEDICAL CENTER,Acute Care Hospitals,4,2,1,58055.0,57160.0
HERRIN HOSPITAL,Acute Care Hospitals,2,0,2,41690.0,13296.0
ST ANTHONYS MEMORIAL HOSPITAL,Acute Care Hospitals,4,0,1,50290.0,18647.0
GATEWAY REGIONAL MEDICAL CENTER,Acute Care Hospitals,1,0,1,48582.0,42692.0
NORTHWEST HEALTH-LA PORTE,Acute Care Hospitals,2,0,0,51134.0,42459.0
TRINITY REGIONAL MEDICAL CENTER,Acute Care Hospitals,4,2,0,40307.0,28211.0
ST CATHERINE HOSPITAL,Acute Care Hospitals,2,0,0,51016.0,33852.0
"ASCENSION VIA CHRISTI HOSPITAL MANHATTAIN, INC",Acute Care Hospitals,3,0,0,43614.0,45070.0
ST ELIZABETH FT THOMAS,Acute Care Hospitals,3,0,1,70556.0,16453.0
JACKSON PURCHASE MEDICAL CENTER,Acute Care Hospitals,2,0,1,37423.0,23671.0
GREENVIEW REGIONAL HOSPITAL,Acute Care Hospitals,3,0,4,55210.0,32237.0
UMD PRINCE GEORGE'S HOSPITAL CTR,Acute Care Hospitals,1,0,3,67056.0,37412.0
MCLAREN LAPEER REGION,Acute Care Hospitals,4,0,0,51647.0,30565.0
GARDEN CITY HOSPITAL,Acute Care Hospitals,2,0,3,54667.0,26910.0
TRUMAN MEDICAL CENTER HOSPITAL HILL,Acute Care Hospitals,2,0,1,44206.0,7491.0
SAINT LUKES NORTH HOSPITAL,Acute Care Hospitals,3,0,0,66952.0,10497.0
LEE'S SUMMIT MEDICAL CENTER,Acute Care Hospitals,4,0,0,65542.0,20367.0
BARNES-JEWISH ST PETERS HOSPITAL,Acute Care Hospitals,4,0,1,77741.0,74623.0
CHI HEALTH IMMANUEL,Acute Care Hospitals,4,0,0,70653.0,11126.0
ROBERT WOOD JOHNSON UNIVERSITY HOSPITAL AT RAHWAY,Acute Care Hospitals,1,0,2,69932.0,29471.0
VIRTUA OUR LADY OF LOURDES HOSPITAL,Acute Care Hospitals,3,0,1,22500.0,14432.0
CAREPOINT HEALTH-HOBOKEN UNIVERSITY MEDICAL CENTER,Acute Care Hospitals,2,0,3,127523.0,54117.0
PUTNAM HOSPITAL CENTER,Acute Care Hospitals,4,0,1,92945.0,24608.0
UNC LENOIR HEALTH CARE,Acute Care Hospitals,3,0,2,29332.0,18548.0
CALDWELL MEMORIAL HOSPITAL,Acute Care Hospitals,4,1,1,36905.0,46589.0
ONSLOW MEMORIAL HOSPITAL,Acute Care Hospitals,1,0,1,48377.0,49610.0
WILSON MEDICAL CENTER,Acute Care Hospitals,1,1,0,34626.0,38981.0
ST VINCENT CHARITY MEDICAL CENTER,Acute Care Hospitals,4,0,1,13625.0,8281.0
SPRINGFIELD REGIONAL MEDICAL CENTER,Acute Care Hospitals,2,0,2,50877.0,17795.0
FORT HAMILTON HUGHES MEMORIAL HOSPITAL,Acute Care Hospitals,4,0,0,56654.0,53727.0
"SAINT FRANCIS HOSPITAL SOUTH, LLC",Acute Care Hospitals,4,0,2,59950.0,46028.0
LEGACY MOUNT HOOD MEDICAL CENTER,Acute Care Hospitals,4,0,0,47374.0,37604.0
GRAND VIEW HEALTH,Acute Care Hospitals,5,2,0,71395.0,12411.0
UPMC MEMORIAL,Acute Care Hospitals,3,0,1,65348.0,23332.0
OUR LADY OF FATIMA HOSPITAL,Acute Care Hospitals,2,1,1,41054.0,30702.0
PRISMA HEALTH OCONEE MEMORIAL HOSPITAL,Acute Care Hospitals,4,1,2,57494.0,12305.0
TIDELANDS WACCAMAW COMMUNITY HOSPITAL,Acute Care Hospitals,3,1,0,53329.0,29055.0
TRISTAR HENDERSONVILLE MEDICAL CENTER,Acute Care Hospitals,4,1,0,68407.0,63768.0
SOUTH TEXAS HEALTH SYSTEM,Acute Care Hospitals,4,0,2,55507.0,34991.0
MISSION REGIONAL MEDICAL CENTER,Acute Care Hospitals,4,0,1,40705.0,78770.0
NACOGDOCHES MEDICAL CENTER,Acute Care Hospitals,4,0,0,45588.0,18811.0
DAVIS HOSPITAL AND MEDICAL CENTER,Acute Care Hospitals,3,1,1,62906.0,50502.0
BON SECOURS DEPAUL MEDICAL CENTER,Acute Care Hospitals,2,0,2,43899.0,29951.0
JOHN RANDOLPH MEDICAL CENTER,Acute Care Hospitals,3,0,0,43016.0,30983.0
NOVANT PRINCE WILLIAM MEDICAL CENTER,Acute Care Hospitals,4,1,0,79798.0,48312.0
LEWISGALE HOSPITAL MONTGOMERY,Acute Care Hospitals,4,1,0,46037.0,54972.0
INOVA MOUNT VERNON HOSPITAL,Acute Care Hospitals,5,1,3,74129.0,35907.0
SPOTSYLVANIA REGIONAL MEDICAL CENTER,Acute Care Hospitals,3,0,2,86855.0,29063.0
ST CLARE HOSPITAL,Acute Care Hospitals,3,0,1,39955.0,30313.0
SWEDISH ISSAQUAH,Acute Care Hospitals,4,0,0,112833.0,27379.0
BECKLEY ARH HOSPITAL,Acute Care Hospitals,2,0,2,42376.0,33352.0
AURORA MEDICAL CENTER - SUMMIT,Acute Care Hospitals,4,0,0,86343.0,34677.0
CEDAR PARK REGIONAL MEDICAL CENTER,Acute Care Hospitals,3,0,2,96857.0,77779.0
BAYLOR SCOTT AND WHITE MEDICAL CENTER SUNNYVALE,Acute Care Hospitals,3,0,1,137721.0,6077.0
RESOLUTE HEALTH HOSPITAL,Acute Care Hospitals,3,0,1,60370.0,70055.0
WOODLAND MEMORIAL HOSPITAL,Acute Care Hospitals,1,1,0,59357.0,40121.0
FRENCH HOSPITAL MEDICAL CENTER,Acute Care Hospitals,5,3,0,59160.0,29108.0
HIGHLAND HOSPITAL,Acute Care Hospitals,1,0,1,78347.0,30098.0
LAKEWOOD REGIONAL MEDICAL CENTER,Acute Care Hospitals,2,0,2,83627.0,31471.0
DENVER HEALTH & HOSPITAL AUTHORITY,Acute Care Hospitals,3,0,1,36216.0,33302.0
CHARLOTTE HUNGERFORD HOSPITAL,Acute Care Hospitals,2,0,1,61340.0,35044.0
NORTHSIDE HOSPITAL,Acute Care Hospitals,1,0,5,40387.0,26285.0
PIEDMONT COLUMBUS REGIONAL MIDTOWN,Acute Care Hospitals,2,0,0,16632.0,6688.0
COLQUITT REGIONAL MEDICAL CENTER,Acute Care Hospitals,3,0,3,33321.0,23240.0
PALI MOMI MEDICAL CENTER,Acute Care Hospitals,5,0,0,91646.0,39925.0
OSF HEART OF MARY MEDICAL CENTER,Acute Care Hospitals,2,0,2,30540.0,31108.0
SCHNECK MEDICAL CENTER,Acute Care Hospitals,5,1,0,49147.0,30654.0
ASCENSION ST VINCENT ANDERSON,Acute Care Hospitals,3,0,0,26607.0,18300.0
JENNIE STUART MEDICAL CENTER,Acute Care Hospitals,2,1,0,40533.0,42493.0
METHODIST HOSPITAL,Acute Care Hospitals,2,0,2,41561.0,38017.0
OCHSNER LSU HEALTH MONROE,Acute Care Hospitals,4,0,1,22132.0,30799.0
CHRISTUS OCHSNER ST PATRICK HOSPITAL,Acute Care Hospitals,4,0,0,31773.0,31855.0
STURDY MEMORIAL HOSPITAL,Acute Care Hospitals,3,0,2,70136.0,44326.0
EMERSON HOSPITAL -,Acute Care Hospitals,5,0,0,137547.0,19383.0
MEMORIAL HEALTHCARE,Acute Care Hospitals,5,0,0,43388.0,27429.0
ST JOSEPH MEDICAL CENTER,Acute Care Hospitals,5,0,0,60769.0,24760.0
FAITH REGIONAL HEALTH SERVICES,Acute Care Hospitals,4,2,1,49622.0,30356.0
SAINT ROSE DOMINICAN HOSPITALS - SAN MARTIN CAMPUS,Acute Care Hospitals,3,0,1,65337.0,28166.0
LAKES REGION GENERAL HOSPITAL,Acute Care Hospitals,4,2,0,52702.0,16237.0
THE UNIVERSITY HOSPITAL,Acute Care Hospitals,1,0,3,27859.0,32610.0
PLAINS REGIONAL MEDICAL CENTER,Acute Care Hospitals,4,0,0,42052.0,46922.0
COLUMBIA MEMORIAL HOSPITAL,Acute Care Hospitals,1,0,2,46508.0,17630.0
BROOKDALE HOSPITAL MEDICAL CENTER,Acute Care Hospitals,1,0,2,25677.0,82831.0
SUNY/DOWNSTATE UNIVERSITY HOSPITAL OF BROOKLYN,Acute Care Hospitals,1,0,3,48140.0,75989.0
MERCY ST ANNE HOSPITAL,Acute Care Hospitals,5,2,0,52167.0,19876.0
MERCY HOSPITAL ADA,Acute Care Hospitals,4,0,1,46394.0,31352.0
ALLIANCEHEALTH MIDWEST,Acute Care Hospitals,1,1,1,40591.0,33772.0
BRANDYWINE HOSPITAL,Acute Care Hospitals,1,0,1,69770.0,54180.0
WADLEY REGIONAL MEDICAL CENTER,Acute Care Hospitals,2,0,2,35935.0,35692.0
WOODLAND HEIGHTS MEDICAL CENTER,Acute Care Hospitals,3,0,0,47316.0,33820.0
THE MEDICAL CENTER OF SOUTHEAST TEXAS,Acute Care Hospitals,3,0,1,33114.0,15964.0
ODESSA REGIONAL MEDICAL CENTER,Acute Care Hospitals,3,1,0,53722.0,33922.0
THE HOSPITALS OF PROVIDENCE - SIERRA CAMPUS,Acute Care Hospitals,2,0,0,32989.0,20123.0
METHODIST CHARLTON MEDICAL CENTER,Acute Care Hospitals,3,0,1,26768.0,20295.0
HARBORVIEW MEDICAL CENTER,Acute Care Hospitals,2,0,2,37610.0,14143.0
ST. AGNES HOSPITAL HOSPICE,Acute Care Hospitals,3,1,0,50075.0,42148.0
MARSHFIELD MEDICAL CENTER - WESTON,Acute Care Hospitals,4,1,1,60633.0,18962.0
MAT-SU REGIONAL MEDICAL CENTER,Acute Care Hospitals,4,0,0,80110.0,29293.0
SUMMIT HEALTHCARE REGIONAL MEDICAL CENTER,Acute Care Hospitals,5,1,1,46488.0,18279.0
OROVILLE HOSPITAL,Acute Care Hospitals,2,0,3,42529.0,29583.0
EL CENTRO REGIONAL MEDICAL CENTER,Acute Care Hospitals,2,0,2,43842.0,49915.0
SUTTER SOLANO MEDICAL CENTER,Acute Care Hospitals,2,0,1,59558.0,30833.0
MARSHALL MEDICAL CENTER,Acute Care Hospitals,4,0,0,61623.0,36717.0
SIERRA VIEW MEDICAL CENTER,Acute Care Hospitals,2,1,0,39645.0,76676.0
ADVENTIST HEALTH SONORA,Acute Care Hospitals,4,4,0,55086.0,27680.0
ST MARY'S MEDICAL CENTER,Acute Care Hospitals,3,0,1,132979.0,43610.0
MERCY REGIONAL MEDICAL CENTER,Acute Care Hospitals,5,3,0,65827.0,30392.0
BRISTOL HOSPITAL,Acute Care Hospitals,4,0,0,64586.0,60498.0
NANTICOKE MEMORIAL HOSPITAL,Acute Care Hospitals,4,0,0,51401.0,24976.0
"BAYHEALTH HOSPITAL, SUSSEX CAMPUS",Acute Care Hospitals,4,1,0,58422.0,20730.0
MAYO CLINIC HEALTH SYSTEM IN WAYCROSS,Acute Care Hospitals,3,0,3,31805.0,14931.0
KONA COMMUNITY HOSPITAL,Acute Care Hospitals,3,0,0,62413.0,3380.0
ST JOSEPH REGIONAL MEDICAL CENTER,Acute Care Hospitals,2,1,0,52285.0,34848.0
SAINT ALPHONSUS MEDICAL CENTER - NAMPA,Acute Care Hospitals,4,2,0,49712.0,32449.0
ST MARYS HOSPITAL,Acute Care Hospitals,3,0,2,53892.0,35563.0
KISHWAUKEE COMMUNITY HOSPITAL,Acute Care Hospitals,4,0,1,41539.0,45644.0
ADVENTIST BOLINGBROOK HOSPITAL,Acute Care Hospitals,4,0,0,72403.0,52791.0
LUTHERAN HOSPITAL OF INDIANA,Acute Care Hospitals,2,1,0,66358.0,28952.0
LAWRENCE MEMORIAL HOSPITAL,Acute Care Hospitals,4,2,0,35893.0,28912.0
SAINT JOSEPH LONDON,Acute Care Hospitals,4,0,1,39275.0,22721.0
OPELOUSAS GENERAL HEALTH SYSTEM,Acute Care Hospitals,2,0,0,28843.0,39183.0
CHRISTUS ST FRANCES CABRINI HOSPITAL,Acute Care Hospitals,3,0,1,32843.0,23297.0
NORTHERN LIGHT MERCY HOSPITAL,Acute Care Hospitals,4,1,0,38876.0,17156.0
YORK HOSPITAL,Acute Care Hospitals,4,1,1,87329.0,9838.0
MID COAST HOSPITAL,Acute Care Hospitals,4,0,0,58125.0,20523.0
MEDSTAR MONTGOMERY MEDICAL CENTER,Acute Care Hospitals,3,1,0,128475.0,26848.0
MEDSTAR SAINT MARY'S HOSPITAL,Acute Care Hospitals,4,0,1,100569.0,14164.0
UNION HOSPITAL OF CECIL COUNTY,Acute Care Hospitals,2,1,0,67882.0,44397.0
"COOLEY DICKINSON HOSPITAL INC,THE",Acute Care Hospitals,4,0,0,57485.0,15729.0
FALMOUTH HOSPITAL,Acute Care Hospitals,4,0,0,70758.0,8294.0
MIDMICHIGAN MEDICAL CENTER - ALPENA,Acute Care Hospitals,4,1,0,39943.0,21889.0
MCLAREN OAKLAND,Acute Care Hospitals,2,0,2,25989.0,17335.0
ESSENTIA HEALTH ST JOSEPH'S MEDICAL CENTER,Acute Care Hospitals,4,0,0,53460.0,29779.0
SSM HEALTH SAINT LOUIS UNIVERSITY HOSPITAL,Acute Care Hospitals,1,0,3,49610.0,17898.0
ST PETERS HOSPITAL,Acute Care Hospitals,4,1,0,54936.0,30611.0
COMMUNITY MEDICAL CENTER,Acute Care Hospitals,3,1,0,60094.0,8229.0
BOZEMAN HEALTH DEACONESS HOSPITAL,Acute Care Hospitals,5,1,0,53649.0,35465.0
EXETER HOSPITAL INC,Acute Care Hospitals,4,1,0,84883.0,21679.0
CAPE REGIONAL MEDICAL CENTER INC,Acute Care Hospitals,3,0,0,70009.0,16648.0
SAINT MICHAEL'S MEDICAL CENTER,Acute Care Hospitals,3,0,1,24353.0,12986.0
ST MARY'S HEALTHCARE,Acute Care Hospitals,3,1,0,49553.0,28704.0
CANTON-POTSDAM HOSPITAL,Acute Care Hospitals,3,0,1,50000.0,17097.0
CHSLI ST JOSEPH HOSPITAL,Acute Care Hospitals,1,0,3,105011.0,22450.0
SCOTLAND MEMORIAL HOSPITAL,Acute Care Hospitals,4,0,0,31069.0,25823.0
HOLZER MEDICAL CENTER,Acute Care Hospitals,2,0,2,44351.0,14556.0
SALEM REGIONAL MEDICAL CENTER,Acute Care Hospitals,4,0,0,47846.0,25680.0
LICKING MEMORIAL HOSPITAL,Acute Care Hospitals,4,0,0,44248.0,61813.0
GEISINGER-LEWISTOWN HOSPITAL,Acute Care Hospitals,5,0,0,43411.0,20934.0
GETTYSBURG HOSPITAL,Acute Care Hospitals,4,0,0,60188.0,28405.0
LEHIGH VALLEY HOSPITAL - HAZLETON,Acute Care Hospitals,3,0,2,40460.0,27074.0
ST LUKE'S HOSPITAL - ANDERSON CAMPUS,Acute Care Hospitals,5,0,0,80110.0,26500.0
SOUTH COUNTY HOSPITAL INC,Acute Care Hospitals,5,1,0,79537.0,20736.0
SENTARA NORFOLK GENERAL HOSPITAL,Acute Care Hospitals,4,0,0,64700.0,7237.0
PROVIDENCE ST MARY MEDICAL CENTER,Acute Care Hospitals,5,2,1,52537.0,41321.0
PROVIDENCE CENTRALIA HOSPITAL,Acute Care Hospitals,3,1,0,41613.0,25114.0
OLYMPIC MEDICAL CENTER,Acute Care Hospitals,4,1,0,46872.0,23532.0
AURORA MEDICAL CTR OSHKOSH,Acute Care Hospitals,4,2,0,69032.0,21355.0
HAVASU REGIONAL MEDICAL CENTER,Acute Care Hospitals,3,0,3,42493.0,17185.0
SEQUOIA HOSPITAL,Acute Care Hospitals,5,2,0,146450.0,27350.0
SETON MEDICAL CENTER,Acute Care Hospitals,4,0,2,86940.0,64580.0
PRESENCE MERCY MEDICAL CENTER,Acute Care Hospitals,4,0,1,60988.0,53582.0
TERRE HAUTE REGIONAL HOSPITAL,Acute Care Hospitals,3,0,1,42001.0,35325.0
SLIDELL MEMORIAL HOSPITAL,Acute Care Hospitals,3,1,0,65109.0,37128.0
MEDSTAR UNION MEMORIAL HOSPITAL,Acute Care Hospitals,4,2,1,43352.0,48815.0
LAKE REGIONAL HEALTH SYSTEM,Acute Care Hospitals,3,1,0,54204.0,6568.0
BENEFIS HOSPITALS INC,Acute Care Hospitals,4,2,0,42756.0,31381.0
PROMEDICA TOLEDO HOSPITAL,Acute Care Hospitals,5,1,1,39895.0,25449.0
STEWARD EASTON HOSPITAL,Acute Care Hospitals,4,0,0,53291.0,42140.0
BELOIT HEALTH SYSTEM,Acute Care Hospitals,3,0,0,43055.0,48721.0
KAISER FOUNDATION HOSPITAL - SAN FRANCISCO,Acute Care Hospitals,4,0,0,103625.0,35751.0
KAISER FOUNDATION HOSPITAL - ORANGE COUNTY - IRVINE,Acute Care Hospitals,4,0,0,66372.0,40174.0
"KAISER FOUNDATION HOSPITAL, RIVERSIDE",Acute Care Hospitals,3,0,0,62232.0,50110.0
KAISER FOUNDATION HOSPITAL - BALDWIN PARK,Acute Care Hospitals,3,0,0,57240.0,77819.0
KAISER FOUNDATION HOSPITAL - DOWNEY,Acute Care Hospitals,3,0,0,62402.0,42922.0
KAISER FOUNDATION HOSPITAL-SANTA CLARA,Acute Care Hospitals,5,1,0,113021.0,57087.0
KAISER FOUNDATION HOSPITAL - LOS ANGELES,Acute Care Hospitals,2,0,0,58344.0,45616.0
KAISER FOUNDATION HOSPITAL FONTANA/ONTARIO,Acute Care Hospitals,4,0,0,47226.0,99791.0
KAISER FOUNDATION HOSPITAL - SACRAMENTO,Acute Care Hospitals,4,1,0,36615.0,34201.0
KAISER FOUNDATION HOSPITAL - SAN DIEGO,Acute Care Hospitals,4,0,0,88202.0,29392.0
KAISER SUNNYSIDE MEDICAL CENTER,Acute Care Hospitals,5,0,0,67873.0,21844.0
RIVERSIDE UNIVERSITY HEALTH SYSTEM-MEDICAL CENTER,Acute Care Hospitals,3,1,0,81104.0,43436.0
VALLEYWISE HEALTH MEDICAL CENTER,Acute Care Hospitals,2,0,1,37696.0,60700.0
KAISER FOUNDATION HOSPITAL - OAKLAND/RICHMOND,Acute Care Hospitals,3,0,1,120601.0,38684.0
VICTOR VALLEY GLOBAL MEDICAL CENTER,Acute Care Hospitals,1,0,2,58063.0,57678.0
BAPTIST MEDICAL CENTER EAST,Acute Care Hospitals,4,0,1,60884.0,53172.0
LAC/OLIVE VIEW-UCLA MEDICAL CENTER,Acute Care Hospitals,2,0,1,68600.0,96177.0
ST PETERSBURG GENERAL HOSPITAL,Acute Care Hospitals,2,0,2,54984.0,34043.0
ST MARY'S MEDICAL CENTER,Acute Care Hospitals,2,0,0,37102.0,30218.0
CALIFORNIA PACIFIC MEDICAL CENTER - MISSION BERNAL,Acute Care Hospitals,4,0,0,109747.0,73737.0
PALMDALE REGIONAL MEDICAL CENTER,Acute Care Hospitals,2,1,1,60612.0,41320.0
ARROWHEAD REGIONAL MEDICAL CENTER,Acute Care Hospitals,2,0,1,48578.0,58650.0
LAC+USC MEDICAL CENTER,Acute Care Hospitals,2,0,0,31683.0,48841.0
LAC/HARBOR-UCLA MED CENTER,Acute Care Hospitals,1,0,1,68676.0,18010.0
HEMET GLOBAL MEDICAL CENTER,Acute Care Hospitals,1,0,3,31447.0,37825.0
SCRIPPS GREEN HOSPITAL,Acute Care Hospitals,5,1,0,107094.0,39893.0
SOUTHWEST HEALTHCARE SYSTEM,Acute Care Hospitals,1,0,1,81500.0,63032.0
HIALEAH HOSPITAL,Acute Care Hospitals,3,0,3,31145.0,34180.0
MEMORIAL HOSPITAL OF TAMPA,Acute Care Hospitals,4,0,1,56830.0,18573.0
ST LUCIE MEDICAL CENTER,Acute Care Hospitals,1,0,7,43301.0,38936.0
WEST BOCA MEDICAL CENTER,Acute Care Hospitals,2,0,2,65041.0,41069.0
PALMS WEST HOSPITAL,Acute Care Hospitals,2,0,4,82265.0,25791.0
ST LUKES REGIONAL MEDICAL CENTER,Acute Care Hospitals,2,0,0,59096.0,22549.0
BETH ISRAEL DEACONESS HOSPITAL - MILTON,Acute Care Hospitals,4,0,2,126000.0,27527.0
ST CHARLES HOSPITAL,Acute Care Hospitals,3,0,2,106840.0,8940.0
KETTERING MEDICAL CENTER - SYCAMORE,Acute Care Hospitals,4,1,1,58538.0,36474.0
DELAWARE COUNTY MEMORIAL HOSPITAL,Acute Care Hospitals,3,0,0,68509.0,31229.0
EXCELA HEALTH LATROBE HOSPITAL,Acute Care Hospitals,3,0,0,52790.0,26987.0
HCA HOUSTON HEALTHCARE SOUTHEAST,Acute Care Hospitals,2,0,2,40693.0,23327.0
PARK PLAZA HOSPITAL,Acute Care Hospitals,4,1,0,48592.0,37642.0
TEXAS HEALTH PRESBYTERIAN HOSPITAL FLOWER MOUND,Acute Care Hospitals,4,0,0,115490.0,47056.0
CULLMAN REGIONAL MEDICAL CENTER,Acute Care Hospitals,3,0,1,39078.0,9364.0
DECATUR MORGAN HOSPITAL - DECATUR CAMPUS,Acute Care Hospitals,2,0,0,38898.0,32822.0
ALASKA NATIVE MEDICAL CENTER,Acute Care Hospitals,2,0,2,62769.0,35564.0
BANNER CASA GRANDE MEDICAL CENTER,Acute Care Hospitals,2,0,1,46201.0,56298.0
ABRAZO CENTRAL CAMPUS,Acute Care Hospitals,3,0,0,33532.0,39395.0
HONORHEALTH SCOTTSDALE OSBORN MEDICAL CENTER,Acute Care Hospitals,3,0,1,58823.0,40621.0
WESTERN ARIZONA REGIONAL MEDICAL CENTER,Acute Care Hospitals,3,0,1,37529.0,33290.0
HOLLYWOOD PRESBYTERIAN MEDICAL CENTER,Acute Care Hospitals,1,0,3,58344.0,45616.0
WHITE MEMORIAL MEDICAL CENTER,Acute Care Hospitals,2,0,4,31683.0,48841.0
VALLEY PRESBYTERIAN HOSPITAL,Acute Care Hospitals,2,0,3,51564.0,56200.0
ST BERNARDINE MEDICAL CENTER,Acute Care Hospitals,2,0,1,42051.0,60850.0
SAN GABRIEL VALLEY MEDICAL CENTER,Acute Care Hospitals,4,0,2,52051.0,38322.0
SIMI VALLEY HOSPITAL & HEALTH CARE SERVICES,Acute Care Hospitals,3,0,3,97485.0,72763.0
KERN MEDICAL CENTER,Acute Care Hospitals,2,0,0,52512.0,70208.0
ADVENTIST HEALTH LODI MEMORIAL,Acute Care Hospitals,3,1,1,44499.0,48282.0
PIH HOSPITAL - DOWNEY,Acute Care Hospitals,4,0,1,64222.0,44097.0
EDEN MEDICAL CENTER,Acute Care Hospitals,3,0,0,85492.0,44285.0
SCRIPPS MEMORIAL HOSPITAL - ENCINITAS,Acute Care Hospitals,4,0,0,103417.0,51309.0
SUTTER DELTA MEDICAL CENTER,Acute Care Hospitals,3,0,0,58823.0,66741.0
METHODIST HOSPITAL OF SACRAMENTO,Acute Care Hospitals,2,0,0,42182.0,78398.0
PALOMAR MEDICAL CENTER POWAY,Acute Care Hospitals,4,1,0,102292.0,49981.0
GARFIELD MEDICAL CENTER,Acute Care Hospitals,3,0,3,58056.0,33114.0
CENTURA HEALTH-ST ANTHONY HOSPITAL,Acute Care Hospitals,4,2,0,75215.0,33430.0
CENTURA HEALTH-ST ANTHONY NORTH HEALTH CAMPUS,Acute Care Hospitals,5,1,0,114517.0,19779.0
MIDDLESEX HOSPITAL,Acute Care Hospitals,4,0,1,63914.0,46747.0
NORTH SHORE MEDICAL CENTER,Acute Care Hospitals,2,0,4,27231.0,28836.0
ADVENTHEALTH DELAND,Acute Care Hospitals,4,0,1,39624.0,30940.0
FLORIDA HOSPITAL ZEPHYRHILLS,Acute Care Hospitals,5,0,0,39133.0,19625.0
ORLANDO HEALTH SOUTH LAKE HOSPITAL,Acute Care Hospitals,4,0,1,64412.0,57273.0
MORTON PLANT NORTH BAY HOSPITAL,Acute Care Hospitals,3,0,1,36329.0,23339.0
ADVENTHEALTH FISH MEMORIAL,Acute Care Hospitals,3,0,2,40931.0,22957.0
FLORIDA HOSPITAL FLAGLER,Acute Care Hospitals,4,0,1,49251.0,45739.0
NORTH OKALOOSA MEDICAL CENTER,Acute Care Hospitals,3,0,0,52990.0,29195.0
PALMS OF PASADENA HOSPITAL,Acute Care Hospitals,2,0,4,43861.0,24734.0
SOUTH FLORIDA BAPTIST HOSPITAL,Acute Care Hospitals,4,1,1,41347.0,27552.0
ADVENTHEALTH HEART OF FLORIDA,Acute Care Hospitals,2,0,2,52344.0,25218.0
LAKE CITY MEDICAL CENTER,Acute Care Hospitals,4,0,3,38684.0,16851.0
PALMETTO GENERAL HOSPITAL,Acute Care Hospitals,3,0,1,43579.0,52124.0
NORTHWEST MEDICAL CENTER,Acute Care Hospitals,2,0,1,44159.0,54383.0
GULF COAST MEDICAL CENTER LEE HEALTH,Acute Care Hospitals,4,1,2,69431.0,17648.0
GULF COAST REGIONAL MEDICAL CENTER,Acute Care Hospitals,3,0,1,45147.0,32513.0
CAPE CORAL HOSPITAL,Acute Care Hospitals,4,1,4,50989.0,32633.0
REGIONAL MEDICAL CENTER BAYONET POINT,Acute Care Hospitals,1,0,4,40748.0,33930.0
SOUTH BAY HOSPITAL,Acute Care Hospitals,3,0,2,46434.0,21334.0
PHYSICIANS REGIONAL MEDICAL CENTER - PINE RIDGE,Acute Care Hospitals,3,0,2,80473.0,30985.0
"VILLAGES REGIONAL HOSPITAL, THE",Acute Care Hospitals,2,0,3,44904.0,30742.0
ASCENSION ST VINCENT'S SOUTHSIDE,Acute Care Hospitals,4,2,1,50648.0,38120.0
ASCENSION ST VINCENT'S CLAY COUNTY,Acute Care Hospitals,5,3,0,58479.0,54614.0
ST MARY'S HOSPITAL,Acute Care Hospitals,3,0,0,44046.0,42338.0
CARTERSVILLE MEDICAL CENTER,Acute Care Hospitals,4,0,1,54257.0,40598.0
WELLSTAR PAULDING HOSPITAL,Acute Care Hospitals,4,1,1,60361.0,23259.0
WELLSTAR ATLANTA MEDICAL CENTER,Acute Care Hospitals,1,0,2,48802.0,21731.0
FAIRVIEW PARK HOSPITAL,Acute Care Hospitals,5,1,0,36117.0,27710.0
SOUTHERN REGIONAL MEDICAL CENTER,Acute Care Hospitals,2,0,1,40681.0,35558.0
WELLSTAR DOUGLAS HOSPITAL,Acute Care Hospitals,3,0,0,51295.0,43474.0
WELLSTAR NORTH FULTON HOSPITAL,Acute Care Hospitals,3,0,1,72719.0,45847.0
EMORY JOHNS CREEK HOSPITAL,Acute Care Hospitals,3,0,1,99904.0,46546.0
ADVOCATE TRINITY HOSPITAL,Acute Care Hospitals,4,0,1,38417.0,81227.0
OSF SACRED HEART MEDICAL CENTER,Acute Care Hospitals,3,0,2,37404.0,35222.0
ADVOCATE BROMENN MEDICAL CENTER,Acute Care Hospitals,4,1,0,56461.0,54819.0
ST JOSEPH MEDICAL CENTER,Acute Care Hospitals,3,0,0,43841.0,36080.0
PRESENCE SAINT JOSEPH HOSPITAL - CHICAGO,Acute Care Hospitals,5,0,0,88708.0,70103.0
COMMUNITY FIRST MEDICAL CENTER,Acute Care Hospitals,2,0,3,62223.0,74901.0
CLARK MEMORIAL HOSPITAL,Acute Care Hospitals,2,0,1,51738.0,45802.0
COMMUNITY HOSPITAL OF ANDERSON AND MADISON COUNTY,Acute Care Hospitals,4,0,0,55025.0,17021.0
IU HEALTH WEST HOSPITAL,Acute Care Hospitals,5,1,0,85021.0,34276.0
METHODIST JENNIE EDMUNDSON,Acute Care Hospitals,4,1,0,64628.0,37194.0
PROVIDENCE MEDICAL CENTER,Acute Care Hospitals,3,0,1,46268.0,13475.0
FRANKFORT REGIONAL MEDICAL CENTER,Acute Care Hospitals,2,0,2,53598.0,50573.0
"OCHSNER MEDICAL CENTER - NORTHSHORE, L L C",Acute Care Hospitals,4,0,0,63948.0,27953.0
CARROLL HOSPITAL CENTER,Acute Care Hospitals,2,0,0,77227.0,37191.0
MEDSTAR HARBOR HOSPITAL,Acute Care Hospitals,2,0,2,41904.0,33001.0
UNIVERSITY OF MD CHARLES REGIONAL  MEDICAL CENTER,Acute Care Hospitals,2,0,2,98737.0,20351.0
HOWARD COUNTY GENERAL HOSPITAL,Acute Care Hospitals,5,1,1,104018.0,43535.0
DOCTORS'  COMMUNITY HOSPITAL,Acute Care Hospitals,2,1,1,74700.0,40168.0
MEDSTAR GOOD SAMARITAN HOSPITAL,Acute Care Hospitals,3,0,2,52811.0,32065.0
ADVENTIST HEALTHCARE SHADY GROVE MEDICAL CENTER,Acute Care Hospitals,3,1,1,104515.0,50260.0
MEDSTAR SOUTHERN MARYLAND HOSPITAL CENTER,Acute Care Hospitals,2,0,3,104925.0,38445.0
NORTH SHORE MEDICAL CENTER -,Acute Care Hospitals,4,0,2,65476.0,42991.0
HOLY FAMILY HOSPITAL,Acute Care Hospitals,2,0,2,73525.0,49587.0
MILFORD REGIONAL MEDICAL CENTER,Acute Care Hospitals,5,0,2,75976.0,28694.0
GOOD SAMARITAN MEDICAL CENTER,Acute Care Hospitals,3,0,4,47724.0,61320.0
PROMEDICA MONROE REGIONAL HOSPITAL,Acute Care Hospitals,3,0,0,52747.0,28003.0
BEAUMONT HOSPITAL - WAYNE,Acute Care Hospitals,2,0,3,42055.0,17090.0
BEAUMONT HOSPITAL - TRENTON,Acute Care Hospitals,4,0,3,61479.0,42196.0
BEAUMONT HOSPITAL - TAYLOR,Acute Care Hospitals,2,0,3,44435.0,61648.0
FAIRVIEW RIDGES HOSPITAL,Acute Care Hospitals,5,0,1,67065.0,44947.0
HEALTHEAST ST JOHN'S HOSPITAL,Acute Care Hospitals,4,1,0,61100.0,34027.0
MERIT HEALTH RIVER REGION,Acute Care Hospitals,2,0,3,43250.0,14286.0
MERIT HEALTH CENTRAL,Acute Care Hospitals,2,0,2,29309.0,19072.0
MERIT HEALTH WESLEY,Acute Care Hospitals,3,0,2,59737.0,40923.0
CHI HEALTH LAKESIDE,Acute Care Hospitals,4,1,2,100676.0,20688.0
SOUTHERN HILLS HOSPITAL AND MEDICAL CENTER,Acute Care Hospitals,3,0,1,67477.0,50767.0
CENTENNIAL HILLS HOSPITAL MEDICAL CENTER,Acute Care Hospitals,2,0,2,68538.0,37967.0
SOUTHERN NH MEDICAL CENTER,Acute Care Hospitals,4,1,2,49469.0,29861.0
PALISADES MEDICAL CENTER,Acute Care Hospitals,2,0,2,57269.0,63438.0
HUNTERDON MEDICAL CENTER,Acute Care Hospitals,4,0,3,107215.0,31067.0
CLARA MAASS MEDICAL CENTER,Acute Care Hospitals,3,0,1,67782.0,36344.0
SAINT CLARE'S HOSPITAL/ DENVILLE CAMPUS,Acute Care Hospitals,4,0,2,116273.0,18180.0
INSPIRA MEDICAL CENTER WOODBURY,Acute Care Hospitals,2,1,2,68785.0,35641.0
CENTRASTATE MEDICAL CENTER,Acute Care Hospitals,2,0,2,86037.0,55497.0
BAYSHORE MEDICAL CENTER,Acute Care Hospitals,2,0,3,152294.0,16729.0
F F THOMPSON HOSPITAL,Acute Care Hospitals,4,0,2,58233.0,27609.0
KENMORE MERCY HOSPITAL,Acute Care Hospitals,3,0,1,52551.0,23078.0
PECONIC BAY MEDICAL CENTER,Acute Care Hospitals,4,0,2,59624.0,28897.0
LONG ISLAND COMMUNITY HOSPITAL,Acute Care Hospitals,1,0,2,70618.0,45495.0
"SAMARITAN HOSPITAL OF TROY, NEW YORK",Acute Care Hospitals,2,0,3,50669.0,53275.0
JOHN T MATHER MEMORIAL HOSPITAL  OF PORT JEFFERSON,Acute Care Hospitals,3,0,3,106840.0,8940.0
UPMC CHAUTAUQUA AT WCA,Acute Care Hospitals,3,0,0,37883.0,39595.0
MERCY MEDICAL CENTER,Acute Care Hospitals,1,0,4,107111.0,27607.0
PLAINVIEW HOSPITAL,Acute Care Hospitals,2,0,2,134375.0,28373.0
ST CATHERINE OF SIENA HOSPITAL,Acute Care Hospitals,4,0,4,122917.0,35436.0
NOVANT HEALTH ROWAN MEDICAL CENTER,Acute Care Hospitals,3,0,2,36380.0,24596.0
MARYMOUNT HOSPITAL,Acute Care Hospitals,5,0,1,43049.0,28055.0
DOCTORS HOSPITAL,Acute Care Hospitals,3,0,0,43643.0,54594.0
UPPER VALLEY MEDICAL CENTER,Acute Care Hospitals,4,0,0,55582.0,35640.0
HMHP ST ELIZABETH BOARDMAN HEALTH CENTER,Acute Care Hospitals,4,0,1,51803.0,33656.0
SOIN MEDICAL CENTER,Acute Care Hospitals,2,0,2,60753.0,27854.0
MERCY MEDICAL CENTER,Acute Care Hospitals,3,0,0,51039.0,30080.0
LEGACY MERIDIAN PARK MEDICAL CENTER,Acute Care Hospitals,5,2,0,73282.0,28476.0
ABINGTON HEALTH LANSDALE HOSPITAL,Acute Care Hospitals,4,1,0,81712.0,56300.0
CHESTNUT HILL HOSPITAL,Acute Care Hospitals,4,1,0,82712.0,10800.0
RIDDLE MEMORIAL HOSPITAL,Acute Care Hospitals,4,0,0,95118.0,35513.0
UPMC HANOVER,Acute Care Hospitals,3,0,0,61194.0,51225.0
BON SECOURS-ST FRANCIS XAVIER HOSPITAL,Acute Care Hospitals,4,0,1,64100.0,36956.0
MCLEOD LORIS  HOSPITAL,Acute Care Hospitals,4,1,0,35256.0,16701.0
SUMNER REGIONAL MEDICAL CENTER,Acute Care Hospitals,2,0,2,58917.0,48248.0
TRISTAR SKYLINE MEDICAL CENTER,Acute Care Hospitals,2,0,3,35645.0,37560.0
WILLIAMSON MEDICAL CENTER,Acute Care Hospitals,5,0,0,104699.0,28773.0
REGIONAL ONE HEALTH,Acute Care Hospitals,1,0,2,64338.0,14038.0
TENNOVA HEALTH CARE-CLEVELAND,Acute Care Hospitals,2,0,1,34716.0,28075.0
TRISTAR SOUTHERN HILLS MEDICAL CENTER,Acute Care Hospitals,3,0,1,50209.0,78057.0
TRISTAR STONECREST MEDICAL CENTER,Acute Care Hospitals,3,0,1,62099.0,57611.0
SAINT FRANCIS BARTLETT MEDICAL CENTER,Acute Care Hospitals,4,0,0,70506.0,21308.0
ST JOSEPH MEDICAL CENTER,Acute Care Hospitals,4,1,0,72306.0,12370.0
BAYLOR SCOTT & WHITE MEDICAL CENTER AT IRVING,Acute Care Hospitals,5,1,0,44079.0,54907.0
KNAPP MEDICAL CENTER,Acute Care Hospitals,4,0,0,34339.0,65013.0
ADVENTHEALTH CENTRAL TEXAS,Acute Care Hospitals,3,0,1,60892.0,50324.0
HARRIS HEALTH SYSTEM,Acute Care Hospitals,2,0,3,48681.0,22517.0
HUNT REGIONAL MEDICAL CENTER,Acute Care Hospitals,3,0,2,34732.0,18830.0
HCA HOUSTON HEALTHCARE NORTHWEST,Acute Care Hospitals,2,0,0,39392.0,38361.0
TEXAS HEALTH HUGULEY HOSPITAL FORT WORTH SOUTH,Acute Care Hospitals,5,1,0,75420.0,67388.0
HOUSTON METHODIST CLEAR LAKE HOSPITAL,Acute Care Hospitals,4,0,1,51635.0,16669.0
RIO GRANDE REGIONAL HOSPITAL,Acute Care Hospitals,3,0,2,32968.0,22877.0
BAYLOR SCOTT AND WHITE MEDICAL CENTER LAKE POINTE,Acute Care Hospitals,3,0,2,86140.0,25842.0
JORDAN VALLEY MEDICAL CENTER,Acute Care Hospitals,2,2,0,67802.0,37742.0
SENTARA WILLIAMSBURG REGIONAL MEDICAL CENTER,Acute Care Hospitals,5,0,0,76460.0,42072.0
SOUTHSIDE REGIONAL MEDICAL CENTER,Acute Care Hospitals,2,0,3,49872.0,19771.0
SENTARA CAREPLEX HOSPITAL,Acute Care Hospitals,3,0,1,52902.0,51871.0
INOVA FAIR OAKS HOSPITAL,Acute Care Hospitals,5,1,1,110519.0,40255.0
RESTON HOSPITAL CENTER,Acute Care Hospitals,4,0,1,107117.0,19355.0
SENTARA PRINCESS ANNE HOSPITAL,Acute Care Hospitals,4,1,2,99313.0,53787.0
BON SECOURS ST FRANCIS MEDICAL CENTER,Acute Care Hospitals,4,2,0,100047.0,18503.0
MULTICARE AUBURN MEDICAL CENTER,Acute Care Hospitals,3,1,0,77083.0,32789.0
SWEDISH EDMONDS HOSPITAL,Acute Care Hospitals,3,1,0,83965.0,36050.0
MULTICARE GOOD SAMARITAN HOSPITAL,Acute Care Hospitals,2,0,1,69865.0,24907.0
CAPITAL MEDICAL CENTER,Acute Care Hospitals,3,0,3,62689.0,32889.0
ST FRANCIS COMMUNITY HOSPITAL,Acute Care Hospitals,3,1,1,53023.0,48065.0
AURORA MEDICAL CENTER KENOSHA,Acute Care Hospitals,5,1,0,66607.0,31700.0
THE HOSPITALS OF PROVIDENCE - EAST CAMPUS,Acute Care Hospitals,3,0,2,55742.0,77487.0
TEXAS HEALTH HARRIS METHODIST HOSPITAL ALLIANCE,Acute Care Hospitals,5,0,1,100861.0,74414.0
NORTH ALABAMA MEDICAL CENTER,Acute Care Hospitals,2,1,1,32702.0,32971.0
ST. VINCENT'S EAST,Acute Care Hospitals,2,0,3,52175.0,19630.0
SHELBY BAPTIST MEDICAL CENTER,Acute Care Hospitals,4,1,1,69691.0,26215.0
HELEN KELLER HOSPITAL,Acute Care Hospitals,3,0,0,33463.0,9007.0
GADSDEN REGIONAL MEDICAL CENTER,Acute Care Hospitals,3,1,2,34409.0,17281.0
PRINCETON BAPTIST MEDICAL CENTER,Acute Care Hospitals,3,0,2,30941.0,25095.0
ST. MARY'S HOSPITAL,Acute Care Hospitals,3,1,0,48172.0,38005.0
YAVAPAI REGIONAL MEDICAL CENTER,Acute Care Hospitals,3,2,2,48413.0,22147.0
FLAGSTAFF MEDICAL CENTER,Acute Care Hospitals,4,1,1,52739.0,44819.0
ABRAZO ARROWHEAD HOSPITAL,Acute Care Hospitals,3,0,0,74060.0,66295.0
"MOUNTAIN VISTA MEDICAL CENTER, LP",Acute Care Hospitals,2,0,0,59424.0,41052.0
NATIONAL PARK MEDICAL CENTER,Acute Care Hospitals,1,0,2,35762.0,30275.0
KAWEAH DELTA MEDICAL CENTER,Acute Care Hospitals,2,0,3,51054.0,56627.0
GLENDALE MEM HOSPITAL & HLTH CENTER,Acute Care Hospitals,5,0,2,44304.0,18318.0
ST JOSEPH'S MEDICAL CENTER OF STOCKTON,Acute Care Hospitals,3,0,1,44953.0,28486.0
PALOMAR HEALTH DOWNTOWN CAMPUS,Acute Care Hospitals,3,0,0,55703.0,53470.0
AHMC ANAHEIM REGIONAL MEDICAL CENTER,Acute Care Hospitals,3,0,0,54476.0,67094.0
STANFORD HEALTH CARE - VALLEYCARE,Acute Care Hospitals,4,2,1,136734.0,35707.0
SUTTER SANTA ROSA REGIONAL HOSPITAL,Acute Care Hospitals,5,5,0,68550.0,46288.0
ST MARY MEDICAL CENTER,Acute Care Hospitals,1,0,4,56579.0,38304.0
ALTA BATES SUMMIT MEDICAL CENTER - ALTA BATES CAMP,Acute Care Hospitals,4,1,1,116250.0,13235.0
EMANATE HEALTH INTER-COMMUNITY HOSPITAL,Acute Care Hospitals,3,0,3,63270.0,20193.0
DOCTORS MEDICAL CENTER,Acute Care Hospitals,1,0,1,46765.0,52951.0
GOOD SAMARITAN HOSPITAL,Acute Care Hospitals,3,0,1,28638.0,26390.0
PROVIDENCE MISSION HOSPITAL,Acute Care Hospitals,4,1,0,106581.0,50287.0
FOUNTAIN VALLEY REGIONAL HOSPITAL & MEDICAL CENTER,Acute Care Hospitals,2,0,3,85536.0,57779.0
SHASTA REGIONAL MEDICAL CENTER,Acute Care Hospitals,3,2,1,48125.0,33986.0
LOMA LINDA UNIVERSITY MEDICAL CENTER-MURRIETA,Acute Care Hospitals,3,0,2,86580.0,64686.0
TEMECULA VALLEY HOSPITAL,Acute Care Hospitals,4,0,1,99049.0,82551.0
PRESBYTERIAN ST LUKE'S MEDICAL CENTER,Acute Care Hospitals,4,0,1,56430.0,19214.0
CENTURA HEALTH-PORTER ADVENTIST HOSPITAL,Acute Care Hospitals,4,1,0,82865.0,36394.0
AURORA SOUTH HOSPITAL AND MEDICAL CENTER,Acute Care Hospitals,3,2,1,49658.0,51572.0
MEDSTAR GEORGETOWN UNIVERSITY HOSPITAL,Acute Care Hospitals,2,0,3,123154.0,27142.0
BETHESDA  HOSPITAL INC,Acute Care Hospitals,3,0,1,43857.0,35264.0
CITRUS MEMORIAL HOSPITAL,Acute Care Hospitals,2,1,0,36712.0,11174.0
ASCENSION SACRED HEART BAY,Acute Care Hospitals,2,0,1,37629.0,23476.0
ADVENTHEALTH WATERMAN,Acute Care Hospitals,4,2,0,43585.0,20694.0
ADVENTHEALTH OCALA,Acute Care Hospitals,1,0,3,39963.0,15937.0
BAYFRONT HEALTH PORT CHARLOTTE,Acute Care Hospitals,2,0,2,37193.0,33184.0
JFK MEDICAL CENTER,Acute Care Hospitals,2,0,3,49843.0,33228.0
UF HEALTH LEESBURG HOSPITAL,Acute Care Hospitals,2,0,3,43334.0,39053.0
FLAGLER HOSPITAL,Acute Care Hospitals,3,0,0,55530.0,28244.0
STEWARD ROCKLEDGE HOSPITAL,Acute Care Hospitals,1,0,1,65039.0,37979.0
AVENTURA HOSPITAL AND MEDICAL CENTER,Acute Care Hospitals,2,0,4,65374.0,31878.0
CENTRAL FLORIDA REGIONAL HOSPITAL,Acute Care Hospitals,3,0,4,53359.0,52002.0
PALM BEACH GARDENS MEDICAL CENTER,Acute Care Hospitals,2,0,2,66682.0,35904.0
MEMORIAL HOSPITAL JACKSONVILLE,Acute Care Hospitals,1,0,3,50648.0,38120.0
BLAKE MEDICAL CENTER,Acute Care Hospitals,2,0,1,55995.0,34547.0
FORT WALTON BEACH MEDICAL CENTER,Acute Care Hospitals,2,0,1,51099.0,34058.0
WESTSIDE REGIONAL MEDICAL CENTER,Acute Care Hospitals,2,0,4,63420.0,47588.0
FAWCETT MEMORIAL HOSPITAL,Acute Care Hospitals,2,0,4,37193.0,33184.0
LARGO MEDICAL CENTER,Acute Care Hospitals,2,0,4,42864.0,25742.0
DELRAY MEDICAL CENTER,Acute Care Hospitals,2,0,2,37671.0,25134.0
OAK HILL HOSPITAL,Acute Care Hospitals,2,0,3,41728.0,17460.0
ST JOSEPH'S HOSPITAL - SAVANNAH,Acute Care Hospitals,3,0,1,52159.0,58018.0
GRADY MEMORIAL HOSPITAL,Acute Care Hospitals,1,0,4,22383.0,6714.0
"COLISEUM MEDICAL CENTERS, LLC, DBA",Acute Care Hospitals,3,0,3,31851.0,17558.0
HILO MEDICAL CENTER,Acute Care Hospitals,5,1,0,56924.0,48575.0
GOTTLIEB MEMORIAL HOSPITAL,Acute Care Hospitals,4,0,0,47759.0,25559.0
MT SINAI HOSPITAL MEDICAL CENTER,Acute Care Hospitals,2,0,1,41226.0,78877.0
ADVENTIST LA GRANGE MEMORIAL HOSPITAL,Acute Care Hospitals,5,2,0,79926.0,31295.0
VISTA MEDICAL CENTER EAST,Acute Care Hospitals,2,0,3,43370.0,71548.0
AMITA HEALTH RESURRECTION MEDICAL CENTER,Acute Care Hospitals,4,0,1,82226.0,29566.0
METHODIST HOSPITALS INC,Acute Care Hospitals,2,0,4,19028.0,6128.0
BAPTIST HEALTH FLOYD,Acute Care Hospitals,3,1,1,48737.0,48123.0
DUPONT HOSPITAL LLC,Acute Care Hospitals,4,1,1,52148.0,29068.0
MERCYONE DUBUQUE MEDICAL CENTER,Acute Care Hospitals,5,3,0,47404.0,43525.0
MERCYONE SIOUXLAND MEDICAL CENTER,Acute Care Hospitals,2,0,0,17649.0,868.0
JEWISH HOSPITAL & ST MARY'S HEALTHCARE,Acute Care Hospitals,2,0,0,17372.0,6827.0
UNIVERSITY OF LOUISVILLE HOSPITAL,Acute Care Hospitals,1,1,1,17372.0,6827.0
UNIVERSITY MEDICAL CENTER NEW ORLEANS,Acute Care Hospitals,1,0,3,50313.0,2553.0
OCHSNER LSU HEALTH SHREVEPORT,Acute Care Hospitals,1,0,3,19600.0,7367.0
GLENWOOD REGIONAL MEDICAL CENTER,Acute Care Hospitals,2,0,4,46272.0,31681.0
ADVENTIST HEALTHCARE WHITE OAK MEDICAL CENTER,Acute Care Hospitals,3,1,2,81277.0,57594.0
ST ELIZABETH'S MEDICAL CENTER,Acute Care Hospitals,2,0,3,61566.0,42644.0
BORGESS MEDICAL CENTER,Acute Care Hospitals,3,3,0,42467.0,25108.0
ASCENSION PROVIDENCE ROCHESTER HOSPITAL,Acute Care Hospitals,4,0,1,73469.0,43215.0
ST JOSEPH'S HOSPITAL,Acute Care Hospitals,3,0,0,52981.0,17923.0
SSM ST JOSEPH HEALTH CENTER,Acute Care Hospitals,3,0,0,54958.0,50613.0
SSM HEALTH ST MARY'S HOSPITAL JEFFERSON CITY,Acute Care Hospitals,3,0,3,55096.0,39013.0
SSM ST CLARE HEALTH CENTER,Acute Care Hospitals,4,0,0,75991.0,44534.0
CHRISTIAN HOSPITAL NORTHEAST,Acute Care Hospitals,2,0,1,31208.0,45653.0
DESERT SPRINGS HOSPITAL,Acute Care Hospitals,2,0,3,32879.0,52171.0
SPRING VALLEY HOSPITAL MEDICAL CENTER,Acute Care Hospitals,1,0,3,51687.0,21407.0
JERSEY CITY MEDICAL CENTER,Acute Care Hospitals,2,0,3,113898.0,42861.0
LOVELACE MEDICAL CENTER,Acute Care Hospitals,3,1,1,28818.0,19657.0
MOUNTAIN VIEW REGIONAL MEDICAL CENTER,Acute Care Hospitals,1,0,3,55707.0,30310.0
FAXTON-ST LUKE'S HEALTHCARE,Acute Care Hospitals,1,0,2,68731.0,16297.0
ERIE COUNTY MEDICAL CENTER,Acute Care Hospitals,3,0,1,35160.0,40088.0
ST ELIZABETH MEDICAL CENTER,Acute Care Hospitals,1,0,2,33710.0,38415.0
MERCY HEALTH-ANDERSON HOSPITAL,Acute Care Hospitals,4,1,0,72550.0,21641.0
THE JEWISH HOSPITAL-MERCY HEALTH,Acute Care Hospitals,4,0,0,58965.0,24646.0
UH ST JOHN MEDICAL CENTER,Acute Care Hospitals,4,1,0,81966.0,32387.0
UNIVERSITY HOSPITALS - ELYRIA MEDICAL CENTER,Acute Care Hospitals,4,0,1,44238.0,63572.0
MARIETTA MEMORIAL HOSPITAL,Acute Care Hospitals,3,0,2,41893.0,27183.0
LEGACY EMANUEL MEDICAL CENTER,Acute Care Hospitals,4,0,1,51050.0,4648.0
MCKENZIE-WILLAMETTE MEDICAL CENTER,Acute Care Hospitals,4,1,0,40322.0,37484.0
ADVENTIST HEALTH PORTLAND,Acute Care Hospitals,4,1,0,41809.0,17112.0
WILLIAMSPORT REGIONAL MEDICAL CENTER,Acute Care Hospitals,3,3,1,41850.0,43927.0
UPMC CARLISLE,Acute Care Hospitals,3,0,0,77589.0,21603.0
JEFFERSON HEALTH- NORTHEAST,Acute Care Hospitals,2,0,2,56785.0,31478.0
CROZER CHESTER MEDICAL CENTER,Acute Care Hospitals,3,0,0,29976.0,35621.0
FORBES HOSPITAL,Acute Care Hospitals,3,0,2,59746.0,28042.0
PIEDMONT MEDICAL CENTER,Acute Care Hospitals,2,0,1,45430.0,55272.0
PROVIDENCE HEALTH,Acute Care Hospitals,2,0,2,30514.0,39614.0
WELLMONT BRISTOL REGIONAL MEDICAL CENTER,Acute Care Hospitals,2,0,2,39450.0,38262.0
METHODIST MEDICAL CENTER OF OAK RIDGE,Acute Care Hospitals,2,0,0,50853.0,29455.0
SAINT THOMAS WEST HOSPITAL,Acute Care Hospitals,4,2,1,91149.0,24761.0
UNIVERSITY MEDICAL CENTER OF EL PASO,Acute Care Hospitals,2,0,1,21856.0,23108.0
COVENANT MEDICAL CENTER,Acute Care Hospitals,3,0,1,43408.0,9583.0
PROVIDENCE HEALTH CENTER,Acute Care Hospitals,4,3,0,70056.0,25350.0
UT HEALTH EAST TEXAS TYLER REGIONAL HOSPITAL,Acute Care Hospitals,3,1,1,49030.0,34876.0
MEDICAL CITY NORTH HILLS,Acute Care Hospitals,3,0,3,54851.0,36385.0
DELL SETON  MED CENTER AT THE UNIVERSITY OF TX,Acute Care Hospitals,3,1,0,112201.0,7875.0
PARIS REGIONAL MEDICAL CENTER,Acute Care Hospitals,3,1,0,32205.0,22226.0
HCA HOUSTON HEALTHCARE CONROE,Acute Care Hospitals,1,0,5,60568.0,28692.0
HOUSTON METHODIST BAYTOWN HOSPITAL,Acute Care Hospitals,3,0,3,62513.0,57125.0
MEDICAL CITY DENTON,Acute Care Hospitals,3,0,3,85890.0,44044.0
HCA HOUSTON HEALTHCARE WEST,Acute Care Hospitals,3,0,2,53999.0,56641.0
MEDICAL CITY LEWISVILLE,Acute Care Hospitals,3,0,3,51861.0,14562.0
HCA HOUSTON HEALTHCARE TOMBALL,Acute Care Hospitals,2,0,2,69446.0,50525.0
MEDICAL CITY FORT WORTH,Acute Care Hospitals,4,0,2,26140.0,18199.0
LONGVIEW REGIONAL MEDICAL CENTER,Acute Care Hospitals,3,0,1,58526.0,30721.0
ROUND ROCK MEDICAL CENTER,Acute Care Hospitals,4,0,0,100622.0,57234.0
TEXAS HEALTH PRESBYTERIAN HOSPITAL DENTON,Acute Care Hospitals,3,0,0,27232.0,28038.0
WINCHESTER MEDICAL CENTER,Acute Care Hospitals,3,0,3,50361.0,28737.0
BON SECOURS MEMORIAL REGIONAL MEDICAL CENTER,Acute Care Hospitals,3,0,1,102376.0,29005.0
ASCENSION COLUMBIA ST MARY'S HOSPITAL OZAUKEE,Acute Care Hospitals,4,1,0,107667.0,5757.0
AURORA MEDICAL CENTER - GRAFTON,Acute Care Hospitals,5,1,0,75592.0,16812.0
SETON MEDICAL CENTER WILLIAMSON,Acute Care Hospitals,3,0,0,67462.0,61361.0
MARSHALL MEDICAL CENTERS,Acute Care Hospitals,2,0,1,38782.0,16190.0
ST. JOSEPH'S HOSPITAL AND MEDICAL CENTER,Acute Care Hospitals,4,0,0,51889.0,21025.0
JEFFERSON REGIONAL MEDICAL CENTER,Acute Care Hospitals,1,0,4,40213.0,31884.0
SANTA CLARA VALLEY MEDICAL CENTER,Acute Care Hospitals,2,0,0,80916.0,37301.0
COMMUNITY REGIONAL MEDICAL CENTER,Acute Care Hospitals,1,0,3,25056.0,7182.0
SANTA MONICA - UCLA MED CTR & ORTHOPAEDIC HOSPITAL,Acute Care Hospitals,5,2,1,73601.0,22586.0
NORTHRIDGE HOSPITAL MEDICAL CENTER,Acute Care Hospitals,4,0,1,65129.0,34240.0
TRI-CITY MEDICAL CENTER,Acute Care Hospitals,3,2,0,70636.0,54181.0
VENTURA COUNTY MEDICAL CENTER,Acute Care Hospitals,2,1,0,74012.0,51956.0
EMANUEL MEDICAL CENTER,Acute Care Hospitals,2,0,3,67416.0,37490.0
WASHINGTON HOSPITAL,Acute Care Hospitals,2,0,4,101065.0,67133.0
HOAG MEMORIAL HOSPITAL PRESBYTERIAN,Acute Care Hospitals,4,0,2,102017.0,21657.0
ZUCKERBERG SAN FRANCISCO GENERAL HOSP & TRAUMA CTR,Acute Care Hospitals,1,0,1,109747.0,73737.0
REDLANDS COMMUNITY HOSPITAL,Acute Care Hospitals,3,1,0,65403.0,34063.0
MERCY MEDICAL CENTER,Acute Care Hospitals,2,0,4,51275.0,36543.0
WEST HILLS HOSPITAL & MEDICAL CENTER,Acute Care Hospitals,2,0,3,111043.0,27233.0
LOS ALAMITOS MEDICAL CENTER,Acute Care Hospitals,2,0,0,97598.0,22318.0
HENRY MAYO NEWHALL  HOSPITAL,Acute Care Hospitals,3,0,3,92066.0,31645.0
GOOD SAMARITAN MEDICAL CENTER LLC,Acute Care Hospitals,5,0,0,76794.0,29160.0
LAWRENCE & MEMORIAL HOSPITAL,Acute Care Hospitals,3,0,1,37357.0,27201.0
MIDSTATE MEDICAL CENTER,Acute Care Hospitals,4,0,0,60655.0,35063.0
GREENWICH HOSPITAL ASSOCIATION -,Acute Care Hospitals,5,1,2,107086.0,25433.0
GRIFFIN HOSPITAL,Acute Care Hospitals,4,0,2,57500.0,12717.0
PARRISH MEDICAL CENTER,Acute Care Hospitals,2,1,1,43872.0,20772.0
ORLANDO HEALTH-HEALTH CENTRAL HOSPITAL,Acute Care Hospitals,3,0,1,60921.0,45278.0
BROWARD HEALTH NORTH,Acute Care Hospitals,2,0,2,48506.0,61076.0
ADVENTHEALTH SEBRING,Acute Care Hospitals,5,0,1,41785.0,15982.0
HAMILTON MEDICAL CENTER,Acute Care Hospitals,3,0,0,47895.0,28480.0
TANNER MEDICAL CENTER - CARROLLTON,Acute Care Hospitals,3,0,2,40228.0,36298.0
SOUTHEAST GEORGIA HEALTH SYSTEM- BRUNSWICK CAMPUS,Acute Care Hospitals,2,1,2,28286.0,22950.0
JOHN D ARCHBOLD MEMORIAL HOSPITAL,Acute Care Hospitals,3,1,0,36546.0,24719.0
TIFT REGIONAL MEDICAL CENTER,Acute Care Hospitals,2,0,1,54844.0,10973.0
MAUI MEMORIAL MEDICAL CENTER,Acute Care Hospitals,3,1,1,74709.0,32704.0
ADVENTIST HEALTH CASTLE,Acute Care Hospitals,4,1,0,103185.0,51923.0
ST LUKES MAGIC VALLEY MEDICAL CENTER,Acute Care Hospitals,5,2,1,47906.0,55237.0
ALTON MEMORIAL HOSPITAL,Acute Care Hospitals,4,0,0,42464.0,31489.0
WEST SUBURBAN MEDICAL CENTER,Acute Care Hospitals,3,0,2,83145.0,32096.0
PRESENCE SAINT FRANCIS HOSPITAL,Acute Care Hospitals,3,0,0,74532.0,32677.0
JOHN H STROGER JR HOSPITAL,Acute Care Hospitals,2,0,2,38756.0,35332.0
PRESENCE ST MARYS HOSPITAL,Acute Care Hospitals,3,1,0,45542.0,35687.0
MERCY HOSPITAL AND MEDICAL CENTER,Acute Care Hospitals,2,0,3,46340.0,53331.0
OSF LITTLE COMPANY OF MARY MEDICAL CENTER,Acute Care Hospitals,3,0,4,67482.0,19796.0
PRESENCE SAINTS MARY AND ELIZABETH MEDICAL CENTER,Acute Care Hospitals,3,0,1,87143.0,53680.0
SARAH BUSH LINCOLN HEALTH CENTER,Acute Care Hospitals,3,2,1,44332.0,21757.0
INGALLS MEMORIAL HOSPITAL,Acute Care Hospitals,2,0,3,25705.0,29784.0
ST CATHERINE HOSPITAL INC,Acute Care Hospitals,5,0,0,30205.0,28728.0
FRANCISCAN ST ANTHONY HEALTH - MICHIGAN CITY,Acute Care Hospitals,3,0,1,42642.0,43473.0
GOOD SAMARITAN HOSPITAL,Acute Care Hospitals,3,0,1,43636.0,25935.0
GREAT RIVER MEDICAL CENTER,Acute Care Hospitals,2,1,0,47896.0,4447.0
MERCYONE WATERLOO MEDICAL CENTER,Acute Care Hospitals,3,1,0,49139.0,19568.0
STORMONT VAIL HOSPITAL,Acute Care Hospitals,3,1,2,44982.0,22634.0
MENORAH MEDICAL CENTER,Acute Care Hospitals,4,0,3,109967.0,19687.0
T J SAMSON COMMUNITY HOSPITAL,Acute Care Hospitals,3,0,0,39343.0,30688.0
EPHRAIM MCDOWELL REGIONAL MEDICAL CENTER,Acute Care Hospitals,3,0,1,42129.0,24987.0
LAKE CUMBERLAND REGIONAL HOSPITAL,Acute Care Hospitals,2,0,1,43974.0,23438.0
SAINT JOSEPH EAST,Acute Care Hospitals,3,0,0,73423.0,38800.0
WEST JEFFERSON MEDICAL CENTER,Acute Care Hospitals,3,0,0,47204.0,55586.0
OCHSNER MEDICAL CENTER - BATON ROUGE,Acute Care Hospitals,4,1,0,49413.0,42314.0
OCHSNER MEDICAL CENTER-KENNER,Acute Care Hospitals,3,0,0,57712.0,52046.0
SOUTHERN MAINE HEALTH CARE,Acute Care Hospitals,3,0,0,51118.0,23211.0
FREDERICK HEALTH HOSPITAL,Acute Care Hospitals,3,1,1,77967.0,36697.0
SAINT AGNES HOSPITAL,Acute Care Hospitals,2,1,1,47422.0,48225.0
JOHNS HOPKINS BAYVIEW MEDICAL CENTER,Acute Care Hospitals,3,0,2,65501.0,50957.0
UMD SHORE MEDICAL CENTER AT EASTON,Acute Care Hospitals,3,1,1,57706.0,23982.0
NORTHWEST HOSPITAL CENTER,Acute Care Hospitals,3,1,2,78122.0,33156.0
UNIVERSITY OF MD BALTIMORE WASHINGTON MEDICAL CENTER,Acute Care Hospitals,2,1,2,65321.0,53584.0
"HEALTHALLIANCE HOSPITALS, INC",Acute Care Hospitals,3,0,1,57610.0,41446.0
CAMBRIDGE HEALTH ALLIANCE,Acute Care Hospitals,4,0,0,87671.0,37668.0
SAINT ANNE'S HOSPITAL,Acute Care Hospitals,4,0,3,33383.0,25985.0
HOLYOKE MEDICAL CENTER,Acute Care Hospitals,4,0,0,37954.0,40362.0
NORTHEAST HOSPITAL CORPORATION,Acute Care Hospitals,3,0,1,77893.0,41431.0
BERKSHIRE MEDICAL CENTER,Acute Care Hospitals,4,0,0,47614.0,44775.0
SIGNATURE HEALTHCARE BROCKTON HOSPITAL,Acute Care Hospitals,3,0,3,63718.0,33841.0
BETH ISRAEL DEACONESS HOSPITAL PLYMOUTH,Acute Care Hospitals,5,0,1,83746.0,58500.0
LOWELL GENERAL HOSPITAL,Acute Care Hospitals,3,0,4,40982.0,29561.0
MERCY MEDICAL CTR,Acute Care Hospitals,3,0,0,30053.0,23635.0
MELROSEWAKEFIELD HEALTHCARE,Acute Care Hospitals,2,0,3,93434.0,28132.0
NEWTON-WELLESLEY HOSPITAL,Acute Care Hospitals,5,2,1,104375.0,1520.0
WINCHESTER HOSPITAL,Acute Care Hospitals,5,0,2,152196.0,22579.0
NORWOOD HOSPITAL,Acute Care Hospitals,3,0,3,87516.0,29121.0
METROWEST MEDICAL CENTER,Acute Care Hospitals,2,0,2,105940.0,32098.0
MERCY HEALTH SAINT MARY'S,Acute Care Hospitals,4,2,0,41306.0,36467.0
HOLLAND COMMUNITY HOSPITAL,Acute Care Hospitals,5,0,1,56087.0,45395.0
ASCENSION ST MARY'S HOSPITAL,Acute Care Hospitals,2,0,1,26994.0,35831.0
METRO HEALTH HOSPITAL,Acute Care Hospitals,4,4,0,51509.0,28473.0
HENNEPIN COUNTY MEDICAL CENTER 1,Acute Care Hospitals,2,0,0,83793.0,4315.0
MAYO CLINIC HEALTH SYSTEM - MANKATO,Acute Care Hospitals,4,3,0,48852.0,47728.0
SANFORD BEMIDJI MEDICAL CENTER,Acute Care Hospitals,4,0,0,48955.0,34106.0
PHELPS COUNTY REGIONAL MEDICAL CENTER,Acute Care Hospitals,3,0,0,41109.0,32652.0
MERCY HOSPITAL JEFFERSON,Acute Care Hospitals,4,0,2,54302.0,26259.0
MERCY HOSPITAL WASHINGTON,Acute Care Hospitals,4,2,0,64650.0,21627.0
POPLAR BLUFF REGIONAL MEDICAL CENTER,Acute Care Hospitals,1,0,4,37052.0,35290.0
CHI HEALTH ST. ELIZABETH,Acute Care Hospitals,3,0,0,50843.0,21396.0
CHI HEALTH ST. FRANCIS,Acute Care Hospitals,3,1,1,57112.0,24838.0
REGIONAL WEST MEDICAL CENTER,Acute Care Hospitals,2,0,1,43781.0,17843.0
ST JOSEPH HOSPITAL,Acute Care Hospitals,3,1,1,49469.0,29861.0
WENTWORTH-DOUGLASS HOSPITAL,Acute Care Hospitals,5,0,1,65855.0,30938.0
CHESHIRE MEDICAL CENTER,Acute Care Hospitals,2,2,0,55902.0,25537.0
UNIVERSITY MEDICAL CENTER OF PRINCETON AT PLAINSBORO,Acute Care Hospitals,4,1,3,98883.0,20239.0
CHILTON MEDICAL CENTER,Acute Care Hospitals,3,0,0,91060.0,11229.0
NEWTON MEDICAL CENTER,Acute Care Hospitals,5,1,1,82716.0,25654.0
RIVERVIEW MEDICAL CENTER,Acute Care Hospitals,3,0,3,84520.0,23874.0
RARITAN BAY MEDICAL CENTER,Acute Care Hospitals,2,0,2,51389.0,54453.0
CAPITAL HEALTH MEDICAL CENTER - HOPEWELL,Acute Care Hospitals,3,0,3,126108.0,12949.0
SHORE MEDICAL CENTER,Acute Care Hospitals,2,0,2,52767.0,10811.0
ROBERT WOOD JOHNSON UNIVERSITY HOSPITAL - SOMERSET,Acute Care Hospitals,3,0,0,91324.0,22195.0
OCEAN MEDICAL CENTER,Acute Care Hospitals,3,0,3,75988.0,41401.0
HACKENSACKUMC MOUNTAINSIDE,Acute Care Hospitals,2,0,3,97920.0,26323.0
VIRTUA WILLINGBORO HOSPITAL,Acute Care Hospitals,3,0,2,70929.0,31549.0
ROBERT WOOD JOHNSON UNIVERSITY HOSPITAL AT HAMILTON,Acute Care Hospitals,4,0,2,99837.0,18967.0
SOUTHERN OCEAN MEDICAL CENTER,Acute Care Hospitals,4,1,0,75981.0,24841.0
UNM HOSPITAL,Acute Care Hospitals,2,0,0,36267.0,24988.0
CHRISTUS ST VINCENT REGIONAL MEDICAL CENTER,Acute Care Hospitals,3,4,0,56069.0,30687.0
SAN JUAN REGIONAL MEDICAL CENTER INC,Acute Care Hospitals,3,1,0,50795.0,46830.0
OUR LADY OF LOURDES MEMORIAL HOSPITAL,Acute Care Hospitals,3,1,0,38602.0,26509.0
ARNOT OGDEN MEDICAL CENTER,Acute Care Hospitals,2,0,2,53030.0,8796.0
OLEAN GENERAL HOSPITAL,Acute Care Hospitals,1,0,1,43065.0,18207.0
NYACK HOSPITAL,Acute Care Hospitals,2,0,2,83977.0,15547.0
GARNET HEALTH MEDICAL CENTER,Acute Care Hospitals,2,0,3,60094.0,49692.0
MOUNT SINAI BETH ISRAEL,Acute Care Hospitals,3,0,4,104441.0,55035.0
GLENS FALLS HOSPITAL,Acute Care Hospitals,3,0,1,48901.0,14450.0
ST JOHN'S RIVERSIDE HOSPITAL,Acute Care Hospitals,2,0,3,46519.0,59101.0
SARATOGA HOSPITAL,Acute Care Hospitals,4,1,1,77977.0,38758.0
CHAMPLAIN VALLEY PHYSICIANS HOSPITAL MEDICAL CTR,Acute Care Hospitals,4,0,2,48563.0,33291.0
PHELPS MEMORIAL HOSPITAL CENTER,Acute Care Hospitals,4,0,2,89478.0,23363.0
ST LUKE'S CORNWALL HOSPITAL,Acute Care Hospitals,2,0,2,58534.0,54938.0
HUDSON VALLEY HOSPITAL CENTER,Acute Care Hospitals,3,0,4,114207.0,20778.0
CAYUGA MEDICAL CENTER AT ITHACA,Acute Care Hospitals,4,2,0,51564.0,66021.0
MARGARET R PARDEE MEMORIAL HOSPITAL,Acute Care Hospitals,4,2,0,50456.0,14903.0
ATRIUM HEALTH CLEVELAND,Acute Care Hospitals,3,0,0,36485.0,27861.0
IREDELL MEMORIAL HOSPITAL INC,Acute Care Hospitals,3,0,1,42090.0,34575.0
DUKE HEALTH RALEIGH HOSPITAL,Acute Care Hospitals,3,0,0,57924.0,33103.0
CAROLINAS HEALTHCARE SYSTEM-BLUE RIDGE,Acute Care Hospitals,4,1,0,41957.0,54339.0
JOHNSTON HEALTH,Acute Care Hospitals,4,0,1,42982.0,24351.0
ATRIUM HEALTH UNION,Acute Care Hospitals,3,0,0,49993.0,26626.0
ATRIUM HEALTH LINCOLN,Acute Care Hospitals,4,1,0,45358.0,38952.0
NASH GENERAL HOSPITAL,Acute Care Hospitals,2,0,3,46002.0,29804.0
HAYWOOD REGIONAL MEDICAL CENTER,Acute Care Hospitals,5,1,0,43843.0,9721.0
WOOSTER COMMUNITY HOSPITAL,Acute Care Hospitals,5,3,1,50642.0,44280.0
ATRIUM MEDICAL CENTER,Acute Care Hospitals,4,1,0,57033.0,31052.0
SOUTH POINTE HOSPITAL,Acute Care Hospitals,4,0,1,78980.0,33645.0
MERCY REGIONAL MEDICAL CENTER,Acute Care Hospitals,5,0,0,46411.0,18615.0
UH GEAUGA MEDICAL CENTER,Acute Care Hospitals,4,0,1,76740.0,23593.0
WEST CHESTER HOSPITAL,Acute Care Hospitals,3,0,0,90142.0,50548.0
SAINT FRANCIS HOSPITAL MUSKOGEE,Acute Care Hospitals,2,0,1,34164.0,16495.0
ST MARY'S REGIONAL MEDICAL CENTER,Acute Care Hospitals,5,3,0,39351.0,24015.0
"MERCY HOSPITAL ARDMORE, INC",Acute Care Hospitals,4,2,1,49222.0,36058.0
ASCENSION ST JOHN MEDICAL CENTER,Acute Care Hospitals,3,0,1,39966.0,11827.0
ASANTE THREE RIVERS MEDICAL CENTER,Acute Care Hospitals,5,1,0,41982.0,34681.0
SKY LAKES MEDICAL CENTER,Acute Care Hospitals,4,2,0,38798.0,22393.0
BAY AREA HOSPITAL,Acute Care Hospitals,3,1,1,42560.0,27256.0
UPMC JAMESON,Acute Care Hospitals,3,1,0,62529.0,15203.0
UPMC MERCY,Acute Care Hospitals,3,0,0,22799.0,16514.0
UNIONTOWN HOSPITAL,Acute Care Hospitals,2,0,2,38652.0,31647.0
HOLY REDEEMER HOSPITAL AND MEDICAL CENTER,Acute Care Hospitals,4,0,1,92944.0,17403.0
UPMC ST MARGARET,Acute Care Hospitals,5,0,0,68797.0,12424.0
HOSPITAL OF UNIV OF PENNSYLVANIA,Acute Care Hospitals,4,1,3,25005.0,55205.0
MEADVILLE MEDICAL CENTER,Acute Care Hospitals,4,1,0,43835.0,27747.0
BRYN MAWR HOSPITAL,Acute Care Hospitals,4,0,0,101577.0,20737.0
MONONGAHELA VALLEY HOSPITAL,Acute Care Hospitals,4,0,1,56927.0,11247.0
CHAMBERSBURG HOSPITAL,Acute Care Hospitals,5,4,0,49141.0,26143.0
INDIANA REGIONAL MEDICAL CENTER,Acute Care Hospitals,3,0,0,43874.0,34215.0
NAZARETH HOSPITAL,Acute Care Hospitals,2,0,0,50159.0,35626.0
SHARON REGIONAL HEALTH SYSTEM,Acute Care Hospitals,3,0,1,32493.0,13505.0
WELLSPAN EPHRATA COMMUNITY HOSPITAL,Acute Care Hospitals,5,2,0,57040.0,34474.0
MOUNT NITTANY MEDICAL CENTER,Acute Care Hospitals,5,0,0,59731.0,25366.0
UPMC EAST,Acute Care Hospitals,4,0,1,59746.0,28042.0
ROGER WILLIAMS MEDICAL CENTER,Acute Care Hospitals,2,0,0,45042.0,37309.0
KENT COUNTY MEMORIAL HOSPITAL,Acute Care Hospitals,3,0,1,70196.0,28695.0
THE MIRIAM HOSPITAL,Acute Care Hospitals,4,0,1,77411.0,28745.0
BEAUFORT COUNTY MEMORIAL HOSPITAL,Acute Care Hospitals,3,0,1,50317.0,16327.0
TRMC OF ORANGEBURG & CALHOUN,Acute Care Hospitals,1,0,2,28231.0,29206.0
PRISMA HEALTH GREENVILLE MEMORIAL HOSPITAL,Acute Care Hospitals,2,1,2,44438.0,36452.0
BLOUNT MEMORIAL HOSPITAL,Acute Care Hospitals,2,0,1,51350.0,25153.0
LAREDO MEDICAL CENTER,Acute Care Hospitals,3,1,2,41250.0,451.0
TEXAS HEALTH ARLINGTON MEMORIAL HOSPITAL,Acute Care Hospitals,2,0,2,58256.0,26571.0
DOCTORS HOSPITAL OF LAREDO,Acute Care Hospitals,5,0,2,41912.0,46671.0
RUTLAND REGIONAL MEDICAL CENTER,Acute Care Hospitals,4,1,1,46688.0,19984.0
AUGUSTA HEALTH,Acute Care Hospitals,4,3,0,75521.0,6139.0
CARILION NEW RIVER VALLEY MEDICAL CENTER,Acute Care Hospitals,4,1,0,59159.0,30958.0
JOHNSTON MEMORIAL HOSPITAL,Acute Care Hospitals,4,0,2,61697.0,9890.0
SOVAH HEALTH MARTINSVILLE,Acute Care Hospitals,3,0,3,37067.0,27635.0
SENTARA MARTHA JEFFERSON HOSPITAL,Acute Care Hospitals,4,2,0,77511.0,17314.0
SENTARA NORTHERN VIRGINIA MEDICAL CENTER,Acute Care Hospitals,3,0,2,85569.0,68338.0
UW MEDICINE/NORTHWEST HOSPITAL,Acute Care Hospitals,4,4,0,60409.0,48390.0
SKAGIT VALLEY HOSPITAL,Acute Care Hospitals,2,0,1,65495.0,17359.0
HIGHLINE MEDICAL CENTER,Acute Care Hospitals,2,0,0,76658.0,21318.0
VIRGINIA MASON MEMORIAL,Acute Care Hospitals,2,3,1,41432.0,46258.0
PROVIDENCE HOLY FAMILY HOSPITAL,Acute Care Hospitals,2,1,0,59375.0,53575.0
UNITED HOSPITAL CENTER,Acute Care Hospitals,5,1,2,75829.0,14815.0
BERKELEY MEDICAL CENTER,Acute Care Hospitals,2,0,1,38057.0,14146.0
WEIRTON MEDICAL CENTER,Acute Care Hospitals,3,1,0,45101.0,20899.0
THOMAS MEMORIAL HOSPITAL,Acute Care Hospitals,3,0,3,49460.0,13942.0
PRINCETON COMMUNITY HOSPITAL,Acute Care Hospitals,3,0,3,42786.0,30985.0
MAYO CLINIC HEALTH SYSTEM-FRANCISCAN MEDICAL CENTER INC,Acute Care Hospitals,5,2,0,47362.0,50529.0
ASCENSION COLUMBIA ST MARY'S HOSPITAL MILWAUKEE,Acute Care Hospitals,4,0,1,60195.0,35747.0
FROEDTERT MEMORIAL LUTHERAN HOSPITAL,Acute Care Hospitals,4,0,2,71121.0,19137.0
BAPTIST MEDICAL CENTER SOUTH,Acute Care Hospitals,2,0,0,42606.0,44305.0
JACKSON HOSPITAL & CLINIC INC,Acute Care Hospitals,2,0,3,53143.0,15024.0
JOHN C. LINCOLN NORTH MOUNTAIN HOSPITAL,Acute Care Hospitals,3,0,1,49332.0,33296.0
KINGMAN REGIONAL MEDICAL CENTER,Acute Care Hospitals,2,0,3,36569.0,27752.0
BANNER BOSWELL MEDICAL CENTER,Acute Care Hospitals,4,0,0,36162.0,28855.0
MAYO CLINIC HOSPITAL,Acute Care Hospitals,5,1,0,96970.0,7023.0
CHI-ST VINCENT INFIRMARY,Acute Care Hospitals,2,1,4,46367.0,24222.0
ST BERNARDS MEDICAL CENTER,Acute Care Hospitals,2,0,6,41030.0,57220.0
BAXTER REGIONAL MEDICAL CENTER,Acute Care Hospitals,2,0,1,41074.0,27675.0
BAPTIST HEALTH MEDICAL CENTER NORTH LITTLE ROCK,Acute Care Hospitals,1,0,1,38253.0,14458.0
BAPTIST HEALTH - FORT SMITH,Acute Care Hospitals,1,0,2,29818.0,21639.0
PROVIDENCE ST JOSEPH HOSPITAL,Acute Care Hospitals,3,2,1,40629.0,23624.0
PENINSULA MEDICAL CENTER,Acute Care Hospitals,5,1,0,135283.0,42889.0
PROVIDENCE QUEEN OF THE VALLEY MEDICAL CENTER,Acute Care Hospitals,3,0,0,83491.0,68617.0
GROSSMONT HOSPITAL,Acute Care Hospitals,2,0,2,56645.0,40239.0
ENLOE MEDICAL CENTER,Acute Care Hospitals,3,1,2,42939.0,39032.0
ALTA BATES SUMMIT MEDICAL CENTER,Acute Care Hospitals,4,2,1,73765.0,22339.0
SCRIPPS MERCY HOSPITAL,Acute Care Hospitals,2,0,1,74523.0,34671.0
ST JOHNS REGIONAL MEDICAL CENTER,Acute Care Hospitals,4,0,1,64552.0,60191.0
ADVENTIST HEALTH AND RIDEOUT,Acute Care Hospitals,2,0,2,48478.0,33150.0
COMMUNITY HOSPITAL OF THE MONTEREY PENINSULA,Acute Care Hospitals,4,2,0,77240.0,32554.0
PROVIDENCE ST. JUDE MEDICAL CENTER,Acute Care Hospitals,5,2,0,98415.0,23513.0
PROVIDENCE SANTA ROSA MEMORIAL HOSPITAL,Acute Care Hospitals,5,2,0,82274.0,20994.0
DOMINICAN HOSPITAL,Acute Care Hospitals,4,1,0,91957.0,8461.0
DESERT REGIONAL MEDICAL CENTER,Acute Care Hospitals,2,0,1,47840.0,28377.0
PROVIDENCE SAINT JOHN'S HEALTH CENTER,Acute Care Hospitals,4,1,1,73601.0,22586.0
SALINAS VALLEY MEMORIAL HOSPITAL,Acute Care Hospitals,4,0,0,58092.0,27624.0
MARIN GENERAL HOSPITAL,Acute Care Hospitals,4,2,0,116469.0,12633.0
NORTHBAY MEDICAL CENTER,Acute Care Hospitals,3,0,3,62612.0,74833.0
COMMUNITY MEMORIAL HOSPITAL SAN BUENAVENTURA,Acute Care Hospitals,4,0,0,74012.0,51956.0
JOHN MUIR MEDICAL CENTER - CONCORD CAMPUS,Acute Care Hospitals,5,1,0,52082.0,39027.0
LOS ROBLES HOSPITAL & MEDICAL CENTER,Acute Care Hospitals,3,0,3,93476.0,43389.0
MEMORIAL MEDICAL CENTER,Acute Care Hospitals,3,1,0,61570.0,58279.0
NORTH COLORADO MEDICAL CENTER,Acute Care Hospitals,3,0,0,41476.0,55930.0
BOULDER COMMUNITY HEALTH,Acute Care Hospitals,4,1,0,56281.0,24734.0
MEDICAL CENTER OF THE ROCKIES,Acute Care Hospitals,4,3,0,64808.0,46754.0
SAINT MARY'S HOSPITAL,Acute Care Hospitals,3,0,2,41022.0,15016.0
ST VINCENT'S MEDICAL CENTER,Acute Care Hospitals,3,0,1,55304.0,47642.0
"BAYHEALTH HOSPITAL, KENT CAMPUS",Acute Care Hospitals,2,0,2,47874.0,37189.0
BEEBE MEDICAL CENTER,Acute Care Hospitals,4,0,3,68576.0,24183.0
BAPTIST HOSPITAL OF MIAMI,Acute Care Hospitals,3,0,2,67866.0,52828.0
MOUNT SINAI MEDICAL CENTER,Acute Care Hospitals,4,0,4,75257.0,22044.0
BROWARD HEALTH MEDICAL CENTER,Acute Care Hospitals,2,0,3,53333.0,9689.0
WINTER HAVEN HOSPITAL,Acute Care Hospitals,2,1,2,38819.0,32920.0
VENICE REGIONAL BAYFRONT HEALTH,Acute Care Hospitals,3,1,0,50813.0,18910.0
HOLY CROSS HOSPITAL,Acute Care Hospitals,5,1,0,61917.0,27141.0
BAPTIST HOSPITAL,Acute Care Hospitals,4,0,0,29142.0,11868.0
CLEVELAND CLINIC INDIAN RIVER HOSPITAL,Acute Care Hospitals,4,0,0,36318.0,21323.0
WEST FLORIDA HOSPITAL,Acute Care Hospitals,3,0,2,45977.0,44166.0
REDMOND REGIONAL MEDICAL CENTER,Acute Care Hospitals,4,0,1,50109.0,41374.0
STRAUB CLINIC AND HOSPITAL,Acute Care Hospitals,5,1,0,70110.0,23449.0
PORTNEUF MEDICAL CENTER,Acute Care Hospitals,3,0,0,45245.0,37224.0
KOOTENAI HEALTH,Acute Care Hospitals,4,4,1,48909.0,26421.0
PRESENCE SAINT JOSEPH MEDICAL CENTER,Acute Care Hospitals,3,0,2,52102.0,49835.0
BLESSING HOSPITAL,Acute Care Hospitals,4,0,0,62211.0,19606.0
MACNEAL  HOSPITAL,Acute Care Hospitals,3,0,0,60045.0,63963.0
SWEDISH HOSPITAL,Acute Care Hospitals,3,0,2,63106.0,80676.0
NORTHWESTERN MEDICINE MCHENRY,Acute Care Hospitals,5,3,0,66771.0,32797.0
DECATUR MEMORIAL HOSPITAL,Acute Care Hospitals,3,0,1,39932.0,32926.0
MEMORIAL HOSPITAL OF CARBONDALE,Acute Care Hospitals,2,0,4,23801.0,26515.0
FRANCISCAN HEALTH OLYMPIA  FIELDS & CHICAGO HEIGHTS,Acute Care Hospitals,1,0,5,98449.0,4840.0
MEMORIAL HOSPITAL - SHILOH,Acute Care Hospitals,4,0,1,53013.0,28914.0
RIVERSIDE MEDICAL CENTER,Acute Care Hospitals,4,0,4,45542.0,35687.0
ADVOCATE CONDELL MEDICAL CENTER,Acute Care Hospitals,4,0,0,128657.0,29012.0
OSF SAINT ANTHONY MEDICAL CENTER,Acute Care Hospitals,1,0,2,51650.0,27677.0
UNION HOSPITAL INC,Acute Care Hospitals,4,1,2,35150.0,11359.0
NORTHWEST HEALTH - PORTER,Acute Care Hospitals,3,0,2,59692.0,40940.0
COMMUNITY HOSPITAL EAST,Acute Care Hospitals,2,0,0,39329.0,37284.0
INDIANA UNIVERSITY HEALTH BALL MEMORIAL HOSPITAL,Acute Care Hospitals,3,0,1,31865.0,25559.0
FRANCISCAN HEALTH LAFAYETTE,Acute Care Hospitals,4,2,0,54757.0,41243.0
GENESIS MEDICAL CENTER-DAVENPORT,Acute Care Hospitals,4,2,0,48909.0,22882.0
MERCY MEDICAL CENTER - CEDAR RAPIDS,Acute Care Hospitals,5,2,0,60945.0,22538.0
ALLEN HOSPITAL,Acute Care Hospitals,4,2,0,32429.0,19132.0
SALINA REGIONAL HEALTH CENTER,Acute Care Hospitals,2,1,0,48644.0,51223.0
UNIVERSITY OF KANSAS HEALTH SYSTEM - ST FRANCIS CAMPUS,Acute Care Hospitals,4,1,0,44546.0,11019.0
OLATHE MEDICAL CENTER,Acute Care Hospitals,4,1,0,76750.0,62091.0
SAINT JOSEPH HOSPITAL,Acute Care Hospitals,3,0,2,32911.0,26888.0
THE MEDICAL CENTER (BOWLING GREEN),Acute Care Hospitals,1,0,2,39567.0,61471.0
HAZARD ARH REGIONAL MEDICAL CENTER,Acute Care Hospitals,1,0,5,39280.0,17266.0
OWENSBORO HEALTH REGIONAL HOSPITAL,Acute Care Hospitals,4,1,1,47345.0,41180.0
BAPTIST HEALTH MADISONVILLE,Acute Care Hospitals,2,1,1,44450.0,26472.0
LOURDES HOSPITAL,Acute Care Hospitals,3,0,2,37378.0,28569.0
BAPTIST HEALTH PADUCAH,Acute Care Hospitals,3,1,1,37378.0,28569.0
THIBODAUX REGIONAL MEDICAL CENTER,Acute Care Hospitals,4,0,0,48280.0,44428.0
TERREBONNE GENERAL MEDICAL CENTER,Acute Care Hospitals,3,1,4,61911.0,29573.0
"NORTH OAKS MEDICAL CENTER, L L C",Acute Care Hospitals,3,0,2,45584.0,29999.0
CHRISTUS HEALTH SHREVEPORT - BOSSIER,Acute Care Hospitals,2,0,2,54581.0,21845.0
LAKE CHARLES MEMORIAL HOSPITAL,Acute Care Hospitals,4,1,0,31773.0,31855.0
OUR LADY OF THE LAKE REGIONAL MEDICAL CENTER,Acute Care Hospitals,4,2,0,61807.0,32404.0
BATON ROUGE GENERAL MEDICAL CENTER,Acute Care Hospitals,4,2,1,71685.0,25316.0
"OUR LADY OF LOURDES REGIONAL MEDICAL CENTER, INC",Acute Care Hospitals,3,0,1,72109.0,38799.0
EAST JEFFERSON GENERAL HOSPITAL,Acute Care Hospitals,4,0,0,62532.0,16531.0
CENTRAL MAINE MEDICAL CENTER,Acute Care Hospitals,3,3,0,39890.0,36211.0
PENINSULA REGIONAL MEDICAL CENTER,Acute Care Hospitals,4,1,1,54711.0,30364.0
SUBURBAN HOSPITAL,Acute Care Hospitals,4,0,2,120632.0,29005.0
WESTERN MARYLAND REGIONAL MEDICAL CENTER,Acute Care Hospitals,2,0,1,41667.0,42716.0
UNIVERSITY OF MD ST JOSEPH MEDICAL CENTER,Acute Care Hospitals,5,2,0,81086.0,21295.0
MOUNT AUBURN HOSPITAL,Acute Care Hospitals,5,0,2,87671.0,37668.0
CAPE COD HEALTHCARE,Acute Care Hospitals,3,1,0,46821.0,15063.0
BOSTON MEDICAL CENTER,Acute Care Hospitals,2,0,3,70575.0,27325.0
ST VINCENT HOSPITAL,Acute Care Hospitals,3,0,2,20578.0,3371.0
UPHS MARQUETTE DLP HOSPITAL,Acute Care Hospitals,3,1,0,46887.0,33202.0
MCLAREN NORTHERN MICHIGAN,Acute Care Hospitals,5,4,0,51114.0,17062.0
MCLAREN PORT HURON,Acute Care Hospitals,3,0,2,40061.0,39693.0
NORTH MEMORIAL HEALTH HOSPITAL,Acute Care Hospitals,4,2,1,68192.0,29139.0
ST LUKES HOSPITAL,Acute Care Hospitals,3,0,2,25892.0,9688.0
NORTH MISSISSIPPI MEDICAL CENTER,Acute Care Hospitals,4,2,1,44120.0,29524.0
MAGNOLIA REGIONAL HEALTH CENTER,Acute Care Hospitals,2,1,1,38925.0,27946.0
BAPTIST MEMORIAL HOSPITAL NORTH MS,Acute Care Hospitals,3,1,0,44441.0,41754.0
ANDERSON REGIONAL MEDICAL CTR,Acute Care Hospitals,2,0,1,34133.0,25448.0
MERCY HOSPITAL JOPLIN,Acute Care Hospitals,3,0,3,48574.0,35545.0
MOSAIC LIFE CARE AT ST JOSEPH,Acute Care Hospitals,4,0,2,60092.0,24988.0
MERCY HOSPITAL SOUTH,Acute Care Hospitals,3,0,3,75231.0,30298.0
CENTERPOINT MEDICAL CENTER,Acute Care Hospitals,3,0,3,59418.0,14686.0
SOUTHEASTHEALTH,Acute Care Hospitals,3,0,1,50848.0,38651.0
ST VINCENT HEALTHCARE,Acute Care Hospitals,4,0,0,47969.0,41436.0
KALISPELL REGIONAL MEDICAL CENTER,Acute Care Hospitals,4,2,0,50789.0,53331.0
SAINT MARY'S REGIONAL MEDICAL CENTER,Acute Care Hospitals,3,2,1,49122.0,28620.0
CARSON TAHOE REGIONAL MEDICAL CENTER,Acute Care Hospitals,2,0,1,65395.0,9789.0
PORTSMOUTH REGIONAL HOSPITAL,Acute Care Hospitals,4,0,0,73561.0,22463.0
CATHOLIC MEDICAL CENTER,Acute Care Hospitals,4,1,3,52677.0,31841.0
ST JOSEPH'S HOSPITAL AND MEDICAL CENTER,Acute Care Hospitals,1,0,6,40368.0,18559.0
ENGLEWOOD HOSPITAL AND MEDICAL CENTER,Acute Care Hospitals,3,1,4,80489.0,28412.0
MEMORIAL MEDICAL CENTER,Acute Care Hospitals,2,0,1,55707.0,30310.0
BASSETT HEALTHCARE,Acute Care Hospitals,1,0,1,61204.0,5523.0
GOOD SAMARITAN HOSPITAL OF SUFFERN,Acute Care Hospitals,2,0,2,94465.0,23948.0
ST FRANCIS HOSPITAL - THE HEART CENTER,Acute Care Hospitals,5,1,4,158125.0,12196.0
UNIVERSITY HOSPITAL S U N Y HEALTH SCIENCE CENTER,Acute Care Hospitals,2,0,2,27690.0,27980.0
FRYE REGIONAL MEDICAL CENTER,Acute Care Hospitals,3,0,2,49168.0,50316.0
CHI ST ALEXIUS HEALTH,Acute Care Hospitals,4,1,0,59679.0,30255.0
TRINITY HOSPITALS,Acute Care Hospitals,2,0,2,64973.0,33377.0
ALTRU HOSPITAL,Acute Care Hospitals,3,0,1,52872.0,38963.0
ESSENTIA HEALTH,Acute Care Hospitals,4,1,1,72978.0,38551.0
PARMA COMMUNITY GENERAL HOSPITAL,Acute Care Hospitals,4,0,1,52863.0,28263.0
MERCY HEALTH-ST RITA'S MEDICAL CENTER,Acute Care Hospitals,5,1,2,38214.0,23186.0
FAIRFIELD MEDICAL CENTER,Acute Care Hospitals,3,1,0,47960.0,60352.0
BLANCHARD VALLEY HOSPITAL,Acute Care Hospitals,4,2,0,51494.0,55246.0
LAKE HEALTH,Acute Care Hospitals,3,0,4,61989.0,55983.0
OHIOHEALTH MANSFIELD HOSPITAL,Acute Care Hospitals,4,0,1,45799.0,24271.0
GOOD SAMARITAN HOSPITAL,Acute Care Hospitals,4,1,1,36589.0,13932.0
BETHESDA NORTH,Acute Care Hospitals,4,0,0,87350.0,22328.0
TRINITY MEDICAL CTR EAST &TRINITY MEDICAL CTR WEST,Acute Care Hospitals,2,0,2,33722.0,18505.0
COMANCHE COUNTY MEMORIAL HOSPITAL,Acute Care Hospitals,1,0,2,50434.0,49421.0
INTEGRIS SOUTHWEST MEDICAL CENTER,Acute Care Hospitals,3,1,0,33117.0,22462.0
GOOD SAMARITAN REGIONAL MEDICAL CENTER,Acute Care Hospitals,3,2,0,49419.0,41828.0
GEISINGER-COMMUNITY MEDICAL CENTER,Acute Care Hospitals,3,1,0,35601.0,14221.0
PENN STATE HEALTH HOLY SPIRIT MEDICAL CENTER,Acute Care Hospitals,4,0,0,72054.0,35905.0
HERITAGE VALLEY BEAVER,Acute Care Hospitals,4,2,0,61292.0,15314.0
ALLEGHENY GENERAL HOSPITAL,Acute Care Hospitals,3,0,2,43208.0,26634.0
GOOD SAMARITAN HOSPITAL,Acute Care Hospitals,4,1,0,60040.0,37561.0
ROBERT PACKER HOSPITAL,Acute Care Hospitals,2,1,3,47432.0,10696.0
PENN HIGHLAND DUBOIS,Acute Care Hospitals,3,1,0,49424.0,18951.0
UPMC PASSAVANT,Acute Care Hospitals,4,0,0,77712.0,42391.0
CONEMAUGH MEMORIAL MEDICAL CENTER,Acute Care Hospitals,3,0,2,51813.0,20197.0
PHOENIXVILLE HOSPITAL,Acute Care Hospitals,3,0,1,91332.0,41815.0
ALBERT EINSTEIN MEDICAL CENTER,Acute Care Hospitals,2,0,3,28398.0,33791.0
EXCELA HEALTH WESTMORELAND REGIONAL HOSPITAL,Acute Care Hospitals,4,0,2,56424.0,58389.0
MERCY CATHOLIC MEDICAL CENTER- MERCY FITZGERALD,Acute Care Hospitals,2,0,3,42515.0,22335.0
UPMC PRESBYTERIAN SHADYSIDE,Acute Care Hospitals,3,0,4,20431.0,28265.0
BUTLER MEMORIAL HOSPITAL,Acute Care Hospitals,4,1,0,52423.0,39311.0
LEHIGH VALLEY HOSPITAL - POCONO,Acute Care Hospitals,3,0,0,63830.0,30198.0
DOYLESTOWN HOSPITAL,Acute Care Hospitals,4,1,1,93071.0,27345.0
PENN PRESBYTERIAN MEDICAL CENTER,Acute Care Hospitals,4,1,1,25005.0,55205.0
ST CLAIR HOSPITAL,Acute Care Hospitals,5,1,0,82238.0,13320.0
ST MARY MEDICAL CENTER,Acute Care Hospitals,3,2,2,89038.0,35698.0
JEFFERSON HOSPITAL,Acute Care Hospitals,2,0,3,54970.0,16133.0
EINSTEIN MEDICAL CENTER MONTGOMERY,Acute Care Hospitals,2,0,1,80881.0,46199.0
GRAND STRAND REGIONAL MEDICAL CENTER,Acute Care Hospitals,4,1,2,50116.0,8791.0
MUSC HEALTH FLORENCE MEDICAL CENTER,Acute Care Hospitals,3,0,3,53188.0,24634.0
MONUMENT HEALTH RAPID CITY HOSPITAL,Acute Care Hospitals,2,0,0,41927.0,44987.0
COOKEVILLE REGIONAL MEDICAL CENTER,Acute Care Hospitals,4,1,3,32202.0,37893.0
JOHNSON CITY MEDICAL CENTER,Acute Care Hospitals,2,1,1,38078.0,35256.0
"MEMORIAL HEALTHCARE SYSTEM, INC",Acute Care Hospitals,5,4,0,30270.0,11857.0
CHRISTUS GOOD SHEPHERD MEDICAL CENTER,Acute Care Hospitals,2,1,4,41882.0,16310.0
CHI ST LUKE'S HEALTH BAYLOR COLLEGE OF MEDICINE ME,Acute Care Hospitals,4,0,3,75290.0,10813.0
WISE REGIONAL HEALTH SYSTEM,Acute Care Hospitals,2,0,1,61645.0,15341.0
BAPTIST BEAUMONT HOSPITAL,Acute Care Hospitals,2,0,2,27309.0,13216.0
METHODIST RICHARDSON MEDICAL CENTER,Acute Care Hospitals,2,0,0,120237.0,23733.0
UNIVERSITY MEDICAL CENTER,Acute Care Hospitals,2,0,1,29223.0,17343.0
BON SECOURS MARYVIEW MEDICAL CENTER,Acute Care Hospitals,3,0,2,40158.0,15291.0
INOVA ALEXANDRIA HOSPITAL,Acute Care Hospitals,4,0,0,80470.0,48211.0
HARRISON MEDICAL CENTER,Acute Care Hospitals,3,3,0,53029.0,20880.0
KADLEC REGIONAL MEDICAL CENTER,Acute Care Hospitals,4,1,0,73901.0,30184.0
TACOMA GENERAL ALLENMORE HOSPITAL,Acute Care Hospitals,4,1,1,48411.0,23668.0
SACRED HEART HOSPITAL,Acute Care Hospitals,3,2,0,52861.0,40306.0
UNITED HOSPITAL SYSTEM,Acute Care Hospitals,2,0,1,45286.0,24311.0
MERCY HEALTH SYSTEM CORP,Acute Care Hospitals,3,0,1,50724.0,18553.0
MAYO CLINIC HEALTH SYSTEM EAU CLAIRE HOSPITAL,Acute Care Hospitals,5,2,0,49699.0,43316.0
ST VINCENT HOSPITAL,Acute Care Hospitals,5,4,0,55798.0,22169.0
COMMUNITY MEMORIAL HOSPITAL,Acute Care Hospitals,5,0,1,76944.0,36431.0
AURORA BAYCARE MEDICAL CTR,Acute Care Hospitals,4,1,0,61119.0,35007.0
WYOMING MEDICAL CENTER,Acute Care Hospitals,3,0,0,55306.0,28545.0
CHEYENNE REGIONAL MEDICAL CENTER,Acute Care Hospitals,3,0,0,56649.0,35950.0
BAYLOR SCOTT & WHITE MEDICAL CENTER - ROUND ROCK,Acute Care Hospitals,4,1,0,67462.0,61361.0
ASCENSION  SETON HAYS,Acute Care Hospitals,4,0,0,69014.0,52981.0
KAISER FOUNDATION HOSPITAL,Acute Care Hospitals,5,0,0,77389.0,54368.0
MEMORIAL HOSPITAL MIRAMAR,Acute Care Hospitals,5,0,0,100919.0,48169.0
ROSE MEDICAL CENTER,Acute Care Hospitals,5,2,0,69967.0,36008.0
MANCHESTER MEMORIAL HOSPITAL,Acute Care Hospitals,3,0,2,60906.0,34585.0
BAYFRONT HEALTH - ST PETERSBURG,Acute Care Hospitals,1,0,3,34165.0,15545.0
BROWARD HEALTH IMPERIAL POINT,Acute Care Hospitals,4,0,0,61917.0,27141.0
BROWARD HEALTH CORAL SPRINGS,Acute Care Hospitals,3,0,2,51736.0,55913.0
LOVELACE WOMEN'S HOSPITAL,Acute Care Hospitals,2,0,0,49141.0,39332.0
ATRIUM HEALTH UNIVERSITY CITY,Acute Care Hospitals,4,1,0,51228.0,44040.0
CRESTWOOD MEDICAL CENTER,Acute Care Hospitals,3,0,2,66329.0,23987.0
ST JOSEPH'S HOSPITAL,Acute Care Hospitals,3,2,0,36124.0,39451.0
BANNER DEL E. WEBB MEDICAL CENTER,Acute Care Hospitals,4,0,2,48216.0,28133.0
MERCY GILBERT MEDICAL CENTER,Acute Care Hospitals,4,0,0,97788.0,32890.0
HONOR HEALTH THOMPSON PEAK MEDICAL CENTER,Acute Care Hospitals,5,0,1,122411.0,40401.0
ANTELOPE VALLEY HOSPITAL,Acute Care Hospitals,1,1,2,37883.0,39166.0
ADVENTIST HEALTH HANFORD,Acute Care Hospitals,2,0,2,54697.0,66235.0
MEMORIALCARE SADDLEBACK MEDICAL CENTER,Acute Care Hospitals,3,2,1,101327.0,29554.0
NORTH SUBURBAN MEDICAL CENTER,Acute Care Hospitals,4,0,0,54554.0,54183.0
"LITTLETON ADVENTIST HOSPITAL, CENTURA HEALTH",Acute Care Hospitals,3,1,1,92263.0,32419.0
PARKER ADVENTIST HOSPITAL,Acute Care Hospitals,5,2,1,111723.0,31985.0
BAPTIST MEDICAL CENTER  BEACHES,Acute Care Hospitals,5,0,0,70383.0,26574.0
SOUTH MIAMI HOSPITAL,Acute Care Hospitals,2,0,3,65581.0,32153.0
PLANTATION GENERAL HOSPITAL,Acute Care Hospitals,3,0,3,66468.0,37678.0
KENDALL REGIONAL MEDICAL CENTER,Acute Care Hospitals,2,0,3,51582.0,54144.0
WELLINGTON REGIONAL MEDICAL CENTER LLC,Acute Care Hospitals,2,0,2,81949.0,60452.0
GOOD SAMARITAN MEDICAL CENTER,Acute Care Hospitals,2,0,1,46571.0,27477.0
WELLSTAR SPALDING REGIONAL HOSPITAL,Acute Care Hospitals,1,0,1,39852.0,36737.0
PIEDMONT ROCKDALE HOSPITAL,Acute Care Hospitals,2,0,0,40631.0,26919.0
DOCTORS HOSPITAL,Acute Care Hospitals,3,0,2,48280.0,43073.0
PIEDMONT HENRY HOSPITAL,Acute Care Hospitals,2,0,2,54913.0,69320.0
EASTSIDE MEDICAL CENTER,Acute Care Hospitals,2,0,2,72207.0,34871.0
"COMMUNITY HOSPITAL SOUTH, INC.",Acute Care Hospitals,3,0,0,40415.0,57023.0
INDIANA UNIVERSITY HEALTH NORTH HOSPITAL,Acute Care Hospitals,5,0,0,97184.0,47108.0
COMMUNITY HOSPITAL NORTH,Acute Care Hospitals,2,0,1,66488.0,22835.0
HOLY CROSS HOSPITAL,Acute Care Hospitals,2,1,1,81429.0,42265.0
SOUTH SHORE HOSPITAL,Acute Care Hospitals,4,0,4,85053.0,17415.0
HARPER UNIVERSITY HOSPITAL,Acute Care Hospitals,2,0,5,14909.0,15181.0
HURLEY MEDICAL CENTER,Acute Care Hospitals,2,0,3,26178.0,25819.0
RUSH FOUNDATION HOSPITAL,Acute Care Hospitals,2,0,0,34133.0,25448.0
SAINT LUKE'S EAST  HOSPITAL,Acute Care Hospitals,5,0,0,81941.0,22709.0
SUNRISE HOSPITAL AND MEDICAL CENTER,Acute Care Hospitals,1,0,5,46875.0,7705.0
HENDERSON HOSPITAL,Acute Care Hospitals,2,0,3,60075.0,23361.0
VIRTUA WEST JERSEY HOSPITALS,Acute Care Hospitals,3,0,2,85164.0,29392.0
JEFFERSON STRATFORD HOSPITAL,Acute Care Hospitals,3,0,4,72652.0,7003.0
NS/LIJ HS HUNTINGTON HOSPITAL,Acute Care Hospitals,5,0,3,119133.0,42167.0
BROOKLYN HOSPITAL CENTER - DOWNTOWN CAMPUS,Acute Care Hospitals,1,0,2,116446.0,61907.0
SISTERS OF CHARITY HOSPITAL,Acute Care Hospitals,3,0,1,44310.0,19095.0
NORTHERN WESTCHESTER HOSPITAL,Acute Care Hospitals,3,0,2,105642.0,16602.0
HIGHLAND HOSPITAL,Acute Care Hospitals,3,0,2,41777.0,24519.0
"WAKEMED, CARY HOSPITAL",Acute Care Hospitals,3,0,0,105875.0,20506.0
NOVANT HEALTH HUNTERSVILLE MEDICAL CENTER,Acute Care Hospitals,4,1,0,92707.0,58993.0
LEGACY GOOD SAMARITAN MEDICAL CENTER,Acute Care Hospitals,5,0,0,88947.0,11676.0
CONWAY MEDICAL CENTER,Acute Care Hospitals,3,0,0,45523.0,45042.0
TENNOVA HEALTHCARE-CLARKSVILLE,Acute Care Hospitals,1,0,0,49851.0,49811.0
SAINT THOMAS RUTHERFORD HOSPITAL,Acute Care Hospitals,3,0,0,69006.0,54583.0
TRISTAR SUMMIT MEDICAL CENTER,Acute Care Hospitals,3,0,2,58501.0,39026.0
LAS PALMAS MEDICAL CENTER,Acute Care Hospitals,2,0,1,32989.0,20123.0
BAYLOR SCOTT & WHITE MEDICAL CENTER  GRAPEVINE,Acute Care Hospitals,4,2,1,83634.0,51685.0
VALLEY REGIONAL MEDICAL CENTER,Acute Care Hospitals,3,0,4,53757.0,47125.0
TEXAS HEALTH HARRIS METHODIST HOSPITAL SOUTHWEST F,Acute Care Hospitals,4,0,0,52854.0,26405.0
MEMORIAL HERMANN KATY HOSPITAL,Acute Care Hospitals,4,0,1,137600.0,105854.0
MEMORIAL HERMANN SUGAR LAND HOSPITAL,Acute Care Hospitals,5,0,1,135952.0,88603.0
BAYLOR SCOTT & WHITE MEDICAL CENTER PLANO,Acute Care Hospitals,4,1,1,102889.0,48021.0
MARY IMMACULATE HOSPITAL,Acute Care Hospitals,5,1,0,61347.0,39015.0
INOVA LOUDOUN HOSPITAL,Acute Care Hospitals,5,2,1,125702.0,52217.0
SENTARA LEIGH HOSPITAL,Acute Care Hospitals,5,1,0,50686.0,21096.0
WEST ALLIS MEMORIAL HOSPITAL,Acute Care Hospitals,4,0,0,48613.0,23763.0
BAYLOR SCOTT AND WHITE  MEDICAL CENTER  MCKINNEY,Acute Care Hospitals,4,0,0,94473.0,49846.0
ST VINCENT'S BIRMINGHAM,Acute Care Hospitals,5,1,1,34399.0,20833.0
PROVIDENCE HOSPITAL,Acute Care Hospitals,4,0,2,48745.0,35810.0
THOMAS HOSPITAL,Acute Care Hospitals,4,0,0,63519.0,33251.0
GRANDVIEW MEDICAL CENTER,Acute Care Hospitals,3,0,2,74890.0,17114.0
BROOKWOOD BAPTIST MEDICAL CENTER,Acute Care Hospitals,3,0,2,52734.0,28765.0
SPRINGHILL MEDICAL CENTER,Acute Care Hospitals,2,0,3,48745.0,35810.0
ALASKA REGIONAL HOSPITAL,Acute Care Hospitals,3,1,1,62769.0,35564.0
HONORHEALTH DEER VALLEY MEDICAL CENTER,Acute Care Hospitals,4,0,0,53981.0,35529.0
ABRAZO WEST CAMPUS,Acute Care Hospitals,3,0,2,85740.0,28364.0
BANNER ESTRELLA MEDICAL CENTER,Acute Care Hospitals,3,0,0,53938.0,52205.0
BANNER GATEWAY MEDICAL CENTER,Acute Care Hospitals,4,0,1,80340.0,50706.0
WASHINGTON REGIONAL MEDICAL CENTER,Acute Care Hospitals,3,2,0,42306.0,32052.0
MERCY HOSPITAL NORTHWEST ARKANSAS,Acute Care Hospitals,5,2,0,65818.0,39727.0
NORTHWEST MEDICAL CENTER-SPRINGDALE,Acute Care Hospitals,3,1,0,42496.0,54717.0
MERCY GENERAL HOSPITAL,Acute Care Hospitals,5,2,0,100611.0,19134.0
RIVERSIDE COMMUNITY HOSPITAL,Acute Care Hospitals,2,0,3,55192.0,21707.0
SAN ANTONIO REGIONAL HOSPITAL,Acute Care Hospitals,4,2,1,54931.0,53339.0
SCRIPPS MEMORIAL HOSPITAL LA JOLLA,Acute Care Hospitals,5,3,0,107094.0,39893.0
PROVIDENCE LITTLE COMPANY OF MARY MED CTR TORRANCE,Acute Care Hospitals,3,0,2,84615.0,45349.0
MEMORIALCARE ORANGE COAST MEDICAL CENTER,Acute Care Hospitals,3,0,1,85536.0,57779.0
"PARKVIEW MEDICAL CENTER, INC",Acute Care Hospitals,2,2,1,29795.0,15040.0
GEORGE WASHINGTON UNIV HOSPITAL,Acute Care Hospitals,1,0,3,80133.0,14812.0
HOLMES REGIONAL MEDICAL CENTER,Acute Care Hospitals,4,0,1,34437.0,24763.0
MANATEE MEMORIAL HOSPITAL,Acute Care Hospitals,1,0,1,44846.0,38248.0
ADVENTHEALTH DAYTONA BEACH,Acute Care Hospitals,5,0,2,32518.0,24566.0
OSCEOLA REGIONAL MEDICAL CENTER,Acute Care Hospitals,1,0,4,36246.0,45936.0
ADVENTHEALTH TAMPA,Acute Care Hospitals,2,1,2,29695.0,34500.0
MEDICAL CENTER OF TRINITY,Acute Care Hospitals,3,0,3,58953.0,39222.0
NORTH FLORIDA REGIONAL MEDICAL CENTER,Acute Care Hospitals,2,0,4,66881.0,23739.0
ORANGE PARK MEDICAL CENTER,Acute Care Hospitals,3,0,2,56546.0,40139.0
BRANDON REGIONAL HOSPITAL,Acute Care Hospitals,3,0,3,58090.0,58401.0
CAPITAL REGIONAL MEDICAL CENTER,Acute Care Hospitals,2,0,4,55625.0,22561.0
EASTERN IDAHO REGIONAL MEDICAL CENTER,Acute Care Hospitals,2,2,1,61537.0,22893.0
FRANCISCAN HEALTH DYER,Acute Care Hospitals,2,0,1,79963.0,21918.0
FRANCISCAN HEALTH CROWN POINT,Acute Care Hospitals,4,0,0,77381.0,61652.0
ST TAMMANY PARISH HOSPITAL,Acute Care Hospitals,5,0,1,68654.0,37173.0
MERCY MEDICAL CENTER INC,Acute Care Hospitals,5,1,1,44656.0,21788.0
"ASCENSION PROVIDENCE HOSPITAL, SOUTHFIELD AND NOVI",Acute Care Hospitals,4,0,0,55371.0,21672.0
BRONSON BATTLE CREEK HOSPITAL,Acute Care Hospitals,3,0,0,46833.0,22305.0
MCLAREN FLINT,Acute Care Hospitals,2,0,2,40949.0,20020.0
ASCENSION MACOMB OAKLAND HOSP-WARREN CAMPUS,Acute Care Hospitals,1,0,5,49692.0,23873.0
ASCENSION GENESYS HOSPITAL,Acute Care Hospitals,3,0,2,66508.0,48041.0
ALLINA UNITED HOSPITAL,Acute Care Hospitals,4,1,1,52981.0,17923.0
FAIRVIEW SOUTHDALE HOSPITAL,Acute Care Hospitals,4,0,0,68063.0,13718.0
NORTH KANSAS CITY HOSPITAL,Acute Care Hospitals,4,1,2,44905.0,15372.0
UNIVERSITY MEDICAL CENTER,Acute Care Hospitals,1,0,0,33681.0,38831.0
VALLEY HOSPITAL MEDICAL CENTER,Acute Care Hospitals,1,0,1,31421.0,26803.0
SAINT ROSE DOMINICAN HOSPITALS - SIENA CAMPUS,Acute Care Hospitals,1,0,2,79026.0,53535.0
NS/LIJ HS SOUTHSIDE HOSPITAL,Acute Care Hospitals,2,0,4,84405.0,69209.0
ST JOSEPH'S HOSPITAL HEALTH CENTER,Acute Care Hospitals,3,1,5,34086.0,17027.0
ELLIS HOSPITAL,Acute Care Hospitals,2,2,1,48337.0,15649.0
SAMARITAN MEDICAL CENTER,Acute Care Hospitals,4,1,2,46365.0,38117.0
MERCY HOSPITAL OF BUFFALO,Acute Care Hospitals,3,1,0,50856.0,24064.0
"WAKEMED, RALEIGH CAMPUS",Acute Care Hospitals,3,1,0,48897.0,75991.0
CAROLINAS MEDICAL CENTER-PINEVILLE,Acute Care Hospitals,2,0,1,64490.0,48931.0
CAROLINA EAST MEDICAL CENTER,Acute Care Hospitals,4,1,1,47118.0,27542.0
MOUNT CARMEL ST ANN'S,Acute Care Hospitals,4,1,1,77280.0,59623.0
MERCY HEALTH - FAIRFIELD HOSPITAL,Acute Care Hospitals,4,0,0,61930.0,43535.0
ST LUKE'S HOSPITAL,Acute Care Hospitals,3,0,1,72508.0,26947.0
MERCY HEALTH - WEST HOSPITAL,Acute Care Hospitals,4,2,0,39281.0,38221.0
UNIVERSITY HOSPITALS AHUJA MEDICAL CENTER,Acute Care Hospitals,5,0,0,78980.0,33645.0
"MERCY HOSPITAL OKLAHOMA CITY, INC",Acute Care Hospitals,3,0,0,50568.0,35936.0
HILLCREST HOSPITAL SOUTH,Acute Care Hospitals,4,0,0,59950.0,46028.0
PROVIDENCE ST VINCENT MEDICAL CENTER,Acute Care Hospitals,4,1,0,77012.0,25596.0
SACRED HEART MEDICAL CENTER - RIVERBEND,Acute Care Hospitals,3,0,1,40322.0,37484.0
"WASHINGTON HOSPITAL, THE",Acute Care Hospitals,4,0,0,52376.0,49054.0
MAGEE WOMENS HOSPITAL OF UPMC HEALTH SYSTEM,Acute Care Hospitals,4,0,1,20431.0,28265.0
MOSES TAYLOR HOSPITAL,Acute Care Hospitals,2,0,2,35601.0,14221.0
PRISMA HEALTH RICHLAND HOSPITAL,Acute Care Hospitals,2,1,1,30514.0,39614.0
ROPER HOSPITAL,Acute Care Hospitals,3,2,0,69211.0,9912.0
PARKRIDGE MEDICAL CENTER,Acute Care Hospitals,3,0,1,30270.0,11857.0
PARKWEST MEDICAL CENTER,Acute Care Hospitals,3,0,1,60440.0,29454.0
VALLEY BAPTIST MEDICAL CENTER- BROWNSVILLE,Acute Care Hospitals,4,0,2,32612.0,62804.0
VHS HARLINGEN HOSPITAL COMPANY LLC,Acute Care Hospitals,2,0,2,36069.0,52746.0
METHODIST DALLAS MEDICAL CENTER,Acute Care Hospitals,3,0,0,32699.0,16351.0
MEDICAL CENTER HOSPITAL,Acute Care Hospitals,1,0,0,53722.0,33922.0
MIDLAND MEMORIAL HOSPITAL,Acute Care Hospitals,3,1,0,57758.0,29315.0
NORTHWEST TEXAS HOSPITAL,Acute Care Hospitals,2,2,0,41480.0,27883.0
CHRISTUS SANTA ROSA MEDICAL CENTER,Acute Care Hospitals,3,1,0,38837.0,32338.0
TEXOMA MEDICAL CENTER,Acute Care Hospitals,3,0,3,46582.0,21891.0
MEDICAL CENTER OF MCKINNEY,Acute Care Hospitals,3,0,1,52504.0,36879.0
MEMORIAL HERMANN MEMORIAL CITY HOSPITAL,Acute Care Hospitals,4,0,2,118561.0,38110.0
HCA HOUSTON HEALTHCARE CLEAR LAKE,Acute Care Hospitals,2,0,3,52167.0,24689.0
TEXAS HEALTH HARRIS METHODIST HURST-EULESS-BEDFORD,Acute Care Hospitals,4,1,0,53650.0,13059.0
MEDICAL CITY PLANO,Acute Care Hospitals,2,0,2,75123.0,35933.0
MEDICAL CITY ARLINGTON,Acute Care Hospitals,2,0,2,53125.0,16464.0
TEXAS HEALTH PRESBYTERIAN HOSPITAL PLANO,Acute Care Hospitals,3,0,1,102889.0,48021.0
NORTH AUSTIN MEDICAL CENTER,Acute Care Hospitals,3,0,3,50018.0,46618.0
ST LUKE'S THE WOODLANDS HOSPITAL,Acute Care Hospitals,4,0,1,85371.0,16472.0
OGDEN REGIONAL MEDICAL CENTER,Acute Care Hospitals,2,2,0,62006.0,31953.0
ST MARK'S HOSPITAL,Acute Care Hospitals,3,1,1,78424.0,22180.0
VIRGINIA HOSPITAL CENTER,Acute Care Hospitals,4,0,1,180405.0,18823.0
SENTARA VIRGINIA BEACH GENERAL HOSPITAL,Acute Care Hospitals,3,0,1,70826.0,59100.0
BON SECOURS ST MARYS HOSPITAL,Acute Care Hospitals,4,2,1,84780.0,15800.0
ST ANTHONY HOSPITAL,Acute Care Hospitals,4,1,0,97618.0,17284.0
THEDACARE REGIONAL MED CTR - NEENAH,Acute Care Hospitals,4,0,0,64553.0,43211.0
METHODIST MANSFIELD MEDICAL CENTER,Acute Care Hospitals,4,0,1,93201.0,69146.0
METHODIST HOSPITAL  STONE OAK,Acute Care Hospitals,3,0,1,104802.0,45966.0
BANNER BAYWOOD MEDICAL CENTER,Acute Care Hospitals,3,2,0,48856.0,36379.0
WHITE COUNTY MEDICAL CENTER,Acute Care Hospitals,3,0,1,45246.0,36127.0
UAMS MEDICAL CENTER,Acute Care Hospitals,1,0,3,46367.0,24222.0
JOHN MUIR MEDICAL CENTER - WALNUT CREEK CAMPUS,Acute Care Hospitals,5,0,0,128299.0,27398.0
MERCY HOSPITAL,Acute Care Hospitals,3,1,0,35561.0,12345.0
SUTTER ROSEVILLE MEDICAL CENTER,Acute Care Hospitals,4,4,0,78119.0,31085.0
CLOVIS COMMUNITY MEDICAL CENTER,Acute Care Hospitals,1,1,2,84028.0,48759.0
KECK HOSPITAL OF USC,Acute Care Hospitals,4,1,2,31683.0,48841.0
POUDRE VALLEY HOSPITAL,Acute Care Hospitals,5,1,0,54876.0,34670.0
SKY RIDGE MEDICAL CENTER,Acute Care Hospitals,5,0,1,110403.0,20366.0
WILLIAM W BACKUS HOSPITAL,Acute Care Hospitals,4,0,2,54407.0,37164.0
SIBLEY MEMORIAL HOSPITAL,Acute Care Hospitals,4,0,1,140545.0,34904.0
JACKSON HEALTH SYSTEM,Acute Care Hospitals,1,0,4,22864.0,13931.0
ST ANTHONYS HOSPITAL,Acute Care Hospitals,3,0,2,43505.0,27171.0
JUPITER MEDICAL CENTER,Acute Care Hospitals,5,0,0,78826.0,54945.0
MORTON PLANT MEASE HEALTHCARE COUNTRYSIDE,Acute Care Hospitals,5,2,0,64918.0,17797.0
MEMORIAL HOSPITAL WEST,Acute Care Hospitals,4,0,2,98245.0,28498.0
NORTHSIDE HOSPITAL FORSYTH,Acute Care Hospitals,5,2,0,104202.0,64110.0
NORTHSIDE HOSPITAL CHEROKEE,Acute Care Hospitals,3,0,2,82759.0,38950.0
WELLSTAR WEST GEORGIA MEDICAL CENTER,Acute Care Hospitals,2,1,0,45020.0,30220.0
HOUSTON MEDICAL CENTER,Acute Care Hospitals,2,0,3,37458.0,30510.0
EMORY DECATUR HOSPITAL,Acute Care Hospitals,2,0,0,67462.0,31782.0
WELLSTAR COBB HOSPITAL,Acute Care Hospitals,2,0,2,47659.0,22375.0
NORTHSIDE HOSPITAL,Acute Care Hospitals,5,0,1,76552.0,29218.0
PIEDMONT FAYETTE HOSPITAL,Acute Care Hospitals,3,0,1,70732.0,28774.0
"PIEDMONT NEWNAN HOSPITAL, INC",Acute Care Hospitals,3,0,2,81532.0,34766.0
NORTHWESTERN LAKE FOREST HOSPITAL,Acute Care Hospitals,4,0,1,176108.0,20807.0
UNIVERSITY OF ILLINOIS HOSPITAL,Acute Care Hospitals,1,0,4,38756.0,35332.0
DELNOR COMMUNITY HOSPITAL,Acute Care Hospitals,5,2,0,110691.0,29279.0
SILVER CROSS HOSPITAL  AND MEDICAL CENTERS,Acute Care Hospitals,5,0,0,105146.0,35282.0
ADVOCATE SOUTH SUBURBAN HOSPITAL,Acute Care Hospitals,3,0,1,54420.0,15532.0
ANDERSON HOSPITAL,Acute Care Hospitals,5,0,0,83772.0,8095.0
ST ALEXIUS MEDICAL CENTER,Acute Care Hospitals,4,0,1,72002.0,33965.0
HENDRICKS REGIONAL HEALTH,Acute Care Hospitals,4,3,0,66003.0,15963.0
ESKENAZI HEALTH,Acute Care Hospitals,4,1,0,36092.0,19317.0
GOSHEN HOSPITAL,Acute Care Hospitals,3,2,0,52261.0,32359.0
MARY GREELEY MEDICAL CENTER,Acute Care Hospitals,4,1,0,51524.0,32742.0
HARDIN MEMORIAL HOSPITAL,Acute Care Hospitals,3,1,0,56078.0,50160.0
OUR LADY OF BELLEFONTE HOSPITAL,Acute Care Hospitals,4,0,2,38433.0,19219.0
BAPTIST HEALTH CORBIN,Acute Care Hospitals,3,0,2,33389.0,30668.0
RAPIDES REGIONAL MEDICAL CENTER,Acute Care Hospitals,2,0,3,32843.0,23297.0
TOURO INFIRMARY,Acute Care Hospitals,4,0,0,59985.0,33789.0
MAINE GENERAL MEDICAL CENTER,Acute Care Hospitals,4,1,2,44127.0,25626.0
MERITUS MEDICAL CENTER,Acute Care Hospitals,3,1,2,65289.0,33228.0
UNIVERSITY OF MARYLAND MEDICAL CENTER,Acute Care Hospitals,2,2,0,33877.0,16595.0
MEDSTAR FRANKLIN SQUARE MEDICAL CENTER,Acute Care Hospitals,2,0,1,64758.0,30085.0
ANNE ARUNDEL MEDICAL CENTER,Acute Care Hospitals,4,0,2,95244.0,36129.0
GREATER BALTIMORE MEDICAL CENTER,Acute Care Hospitals,3,0,0,81086.0,21295.0
UMD UPPER CHESAPEAKE MEDICAL CENTER,Acute Care Hospitals,2,2,0,85798.0,35503.0
ST JOE MERCY HOSPITAL SYSTEM LIVONIA,Acute Care Hospitals,3,0,1,79134.0,37265.0
SINAI-GRACE HOSPITAL,Acute Care Hospitals,1,0,5,30030.0,44921.0
BEAUMONT HOSPITAL - GROSSE POINTE,Acute Care Hospitals,4,0,3,99668.0,16481.0
HENRY FORD WYANDOTTE HOSPITAL,Acute Care Hospitals,2,0,3,54709.0,25175.0
BEAUMONT FARMINGTON HILLS,Acute Care Hospitals,3,0,2,58551.0,26470.0
HURON VALLEY-SINAI HOSPITAL,Acute Care Hospitals,4,0,2,100026.0,22953.0
HENRY FORD WEST BLOOMFIELD HOSPITAL,Acute Care Hospitals,4,2,3,85855.0,32748.0
SOUTH CENTRAL REG MED CTR,Acute Care Hospitals,2,0,2,29288.0,20845.0
BAPTIST MEMORIAL HOSPITAL GOLDEN TRIANGLE INC,Acute Care Hospitals,3,1,2,27886.0,13066.0
BAPTIST MEMORIAL HOSPITAL DESOTO,Acute Care Hospitals,1,0,6,50757.0,36625.0
SSM HEALTH ST MARY'S HOSPITAL - ST LOUIS,Acute Care Hospitals,4,0,1,74541.0,8985.0
SSM ST JOSEPH HOSPITAL WEST,Acute Care Hospitals,4,1,0,91310.0,23625.0
ELLIOT HOSPITAL,Acute Care Hospitals,4,0,2,53778.0,37087.0
HOLY NAME MEDICAL CENTER,Acute Care Hospitals,2,0,3,106411.0,40977.0
INSPIRA MEDICAL CENTER VINELAND,Acute Care Hospitals,2,0,5,47098.0,42689.0
COMMUNITY MEDICAL CENTER,Acute Care Hospitals,2,1,4,72674.0,26082.0
VIRTUA MEMORIAL HOSPITAL OF BURLINGTON COUNTY,Acute Care Hospitals,2,0,0,79475.0,24349.0
SAINT PETER'S UNIVERSITY HOSPITAL,Acute Care Hospitals,4,0,2,38413.0,58347.0
MONMOUTH MEDICAL CENTER,Acute Care Hospitals,4,0,3,55038.0,31038.0
RICHMOND UNIVERSITY MEDICAL CENTER,Acute Care Hospitals,1,0,3,69838.0,23708.0
LONG ISLAND JEWISH MEDICAL CENTER,Acute Care Hospitals,3,1,3,118457.0,42140.0
MOUNT SINAI SOUTH NASSAU,Acute Care Hospitals,1,0,4,109944.0,29374.0
CROUSE HOSPITAL,Acute Care Hospitals,2,0,3,27690.0,27980.0
UNITY HOSPITAL,Acute Care Hospitals,1,0,5,58330.0,30769.0
WHITE PLAINS HOSPITAL CENTER,Acute Care Hospitals,4,0,3,74177.0,11826.0
WAYNE MEMORIAL HOSPITAL,Acute Care Hospitals,2,0,1,45487.0,32727.0
CATAWBA VALLEY MEDICAL CENTER,Acute Care Hospitals,4,1,0,45244.0,28654.0
MARION GENERAL HOSPITAL,Acute Care Hospitals,3,0,2,41031.0,54091.0
FIRELANDS REGIONAL MEDICAL CENTER,Acute Care Hospitals,3,2,1,42980.0,39881.0
MH ST JOSEPH WARREN HOSPITAL,Acute Care Hospitals,4,0,0,51311.0,10453.0
O U MEDICAL CENTER,Acute Care Hospitals,1,0,3,51741.0,2306.0
PROVIDENCE PORTLAND MEDICAL CENTER,Acute Care Hospitals,5,2,0,67882.0,32284.0
PROVIDENCE MEDFORD MEDICAL CENTER,Acute Care Hospitals,3,0,1,52421.0,46818.0
WEST PENN HOSPITAL,Acute Care Hospitals,3,0,1,43523.0,10723.0
PAOLI HOSPITAL,Acute Care Hospitals,5,0,0,93211.0,6594.0
PRISMA HEALTH TUOMEY HOSPITAL,Acute Care Hospitals,2,1,2,36607.0,40905.0
MORRISTOWN HAMBLEN HOSPITAL ASSOCIATION,Acute Care Hospitals,2,0,2,43331.0,34037.0
MAURY REGIONAL HOSPITAL,Acute Care Hospitals,4,1,1,49028.0,57246.0
ST FRANCIS HOSPITAL,Acute Care Hospitals,2,0,3,58257.0,23491.0
THE HOSPITALS OF PROVIDENCE - MEMORIAL CAMPUS,Acute Care Hospitals,4,0,1,32989.0,20123.0
PARKLAND HEALTH & HOSPITAL SYSTEM,Acute Care Hospitals,2,0,2,48449.0,18794.0
JPS HEALTH NETWORK,Acute Care Hospitals,3,0,0,26140.0,18199.0
DE TAR HOSPITAL NAVARRO,Acute Care Hospitals,4,1,1,44663.0,43424.0
BAYLOR SCOTT & WHITE MEDICAL CENTER- WAXAHACHIE,Acute Care Hospitals,4,2,0,61877.0,42048.0
CHESAPEAKE GENERAL HOSPITAL,Acute Care Hospitals,4,0,2,70685.0,54794.0
SWEDISH MEDICAL CENTER,Acute Care Hospitals,4,2,0,72018.0,37270.0
PEACEHEALTH ST JOHN MEDICAL CENTER,Acute Care Hospitals,2,0,1,42144.0,49913.0
VALLEY MEDICAL CENTER,Acute Care Hospitals,4,0,1,68638.0,23782.0
EVERGREENHEALTH MEDICAL CENTER,Acute Care Hospitals,5,2,0,93520.0,42943.0
LEGACY SALMON CREEK MEDICAL CENTER,Acute Care Hospitals,5,3,0,78411.0,19644.0
CABELL HUNTINGTON HOSPITAL INC,Acute Care Hospitals,2,0,2,35958.0,21132.0
SSM HEALTH ST MARY'S HOSPITAL - MADISON,Acute Care Hospitals,5,3,1,30019.0,14246.0
ASCENSION ALL SAINTS HOSPITAL,Acute Care Hospitals,3,0,1,52978.0,24727.0
SOUTHEAST HEALTH MEDICAL CENTER,Acute Care Hospitals,3,1,1,39618.0,37292.0
EAST ALABAMA MEDICAL CENTER AND SNF,Acute Care Hospitals,3,1,2,40437.0,24833.0
UNIVERSITY OF ALABAMA HOSPITAL,Acute Care Hospitals,2,1,2,39583.0,1759.0
HUNTSVILLE HOSPITAL,Acute Care Hospitals,2,1,3,66329.0,23987.0
FLOWERS HOSPITAL,Acute Care Hospitals,3,1,2,60995.0,15869.0
NORTHEAST ALABAMA REGIONAL MEDICAL CENTER,Acute Care Hospitals,2,0,1,45458.0,19631.0
DCH REGIONAL MEDICAL CENTER,Acute Care Hospitals,2,0,2,24732.0,36898.0
PROVIDENCE ALASKA MEDICAL CENTER,Acute Care Hospitals,2,1,3,62769.0,35564.0
BANNER - UNIVERSITY MEDICAL CENTER PHOENIX,Acute Care Hospitals,3,0,0,32166.0,27671.0
TUCSON MEDICAL CENTER,Acute Care Hospitals,3,0,0,33805.0,33239.0
YUMA REGIONAL MEDICAL CENTER,Acute Care Hospitals,3,0,2,41809.0,74299.0
CHANDLER REGIONAL MEDICAL CENTER,Acute Care Hospitals,3,0,0,66649.0,44000.0
BANNER DESERT MEDICAL CENTER,Acute Care Hospitals,2,0,2,46365.0,38780.0
NORTHWEST MEDICAL CENTER,Acute Care Hospitals,2,0,0,57328.0,35149.0
HONORHEALTH SCOTTSDALE SHEA MEDICAL CENTER,Acute Care Hospitals,4,0,1,82159.0,38337.0
BANNER THUNDERBIRD MEDICAL CENTER,Acute Care Hospitals,2,0,2,60756.0,24503.0
CONWAY REGIONAL HEALTH SYSTEM,Acute Care Hospitals,3,0,1,50282.0,50730.0
MERCY HOSPITAL FORT SMITH,Acute Care Hospitals,3,1,1,43519.0,25989.0
BAPTIST HEALTH MEDICAL CENTER-LITTLE ROCK,Acute Care Hospitals,1,0,3,46367.0,24222.0
UC SAN DIEGO HEALTH HILLCREST - HILLCREST MED CTR,Acute Care Hospitals,5,0,2,74523.0,34671.0
BAKERSFIELD MEMORIAL HOSPITAL,Acute Care Hospitals,2,0,0,35561.0,12345.0
CALIFORNIA PACIFIC MEDICAL CENTER- VAN NESS CAMPUS,Acute Care Hospitals,3,0,1,79979.0,56587.0
PROVIDENCE ST. JOSEPH HOSPITAL,Acute Care Hospitals,4,1,0,62856.0,28148.0
SAINT AGNES MEDICAL CENTER,Acute Care Hospitals,3,0,1,47723.0,32410.0
SHARP MEMORIAL HOSPITAL,Acute Care Hospitals,5,0,1,73272.0,31028.0
MARIAN REGIONAL MEDICAL CENTER,Acute Care Hospitals,3,2,0,57573.0,40333.0
"SUTTER MEDICAL CENTER, SACRAMENTO",Acute Care Hospitals,5,2,2,61618.0,17143.0
PIH HEALTH HOSPITAL-WHITTIER,Acute Care Hospitals,5,0,2,48427.0,26482.0
SHARP CHULA VISTA MEDICAL CENTER,Acute Care Hospitals,3,0,1,52274.0,84025.0
POMONA VALLEY HOSPITAL MEDICAL CENTER,Acute Care Hospitals,2,0,0,54157.0,49492.0
PROVIDENCE SAINT JOSEPH MEDICAL CTR,Acute Care Hospitals,3,0,5,82630.0,30997.0
METHODIST HOSPITAL OF SOUTHERN CA,Acute Care Hospitals,3,0,3,99360.0,33200.0
GLENDALE ADVENTIST MEDICAL CENTER,Acute Care Hospitals,5,0,3,57379.0,34938.0
MERCY MEDICAL CENTER REDDING,Acute Care Hospitals,1,0,1,48125.0,33986.0
EL CAMINO HOSPITAL,Acute Care Hospitals,5,2,2,120028.0,35470.0
LOMA LINDA UNIVERSITY MEDICAL CENTER,Acute Care Hospitals,3,0,1,54877.0,21341.0
UNIVERSITY OF CALIFORNIA IRVINE MEDICAL CENTER,Acute Care Hospitals,3,1,1,62856.0,28148.0
GOOD SAMARITAN HOSPITAL,Acute Care Hospitals,2,0,1,131250.0,50055.0
STANFORD HEALTH CARE,Acute Care Hospitals,5,2,0,61173.0,15343.0
ADVENTIST HEALTH BAKERSFIELD,Acute Care Hospitals,3,0,0,35561.0,12345.0
LONG BEACH MEMORIAL MEDICAL CENTER,Acute Care Hospitals,3,0,3,50615.0,42587.0
MERCY SAN JUAN MEDICAL CENTER,Acute Care Hospitals,3,2,0,58433.0,61365.0
EISENHOWER MEDICAL CENTER,Acute Care Hospitals,5,4,0,64754.0,17975.0
UNIVERSITY OF CALIFORNIA DAVIS MEDICAL CENTER,Acute Care Hospitals,4,0,2,44130.0,13277.0
CEDARS-SINAI MEDICAL CENTER,Acute Care Hospitals,5,2,2,85396.0,22860.0
PROVIDENCE-CEDARS SINAI TARZANA MEDICAL CENTER,Acute Care Hospitals,4,0,3,71654.0,30346.0
LUTHERAN MEDICAL CENTER,Acute Care Hospitals,4,1,0,52193.0,24977.0
UCH-MEMORIAL HEALTH SYSTEM,Acute Care Hospitals,4,2,0,40589.0,38731.0
ST MARYS MEDICAL CENTER,Acute Care Hospitals,3,1,0,35737.0,24836.0
UNIVERSITY OF COLORADO HOSPITAL AUTHORITY,Acute Care Hospitals,4,2,0,39375.0,778.0
SAINT JOSEPH HOSPITAL,Acute Care Hospitals,5,1,0,56430.0,19214.0
CENTURA HEALTH-PENROSE ST FRANCIS HEALTH SERVICES,Acute Care Hospitals,4,5,1,85479.0,28382.0
HCA-HEALTHONE DBA SWEDISH MEDICAL CENTER,Acute Care Hospitals,4,0,2,62321.0,22446.0
ST FRANCIS HOSPITAL & MEDICAL CENTER,Acute Care Hospitals,4,0,0,32126.0,19955.0
BRIDGEPORT HOSPITAL,Acute Care Hospitals,2,0,2,43867.0,22920.0
DANBURY HOSPITAL,Acute Care Hospitals,3,0,2,58073.0,52101.0
JOHN DEMPSEY HOSPITAL,Acute Care Hospitals,3,1,0,96602.0,17449.0
MEDSTAR WASHINGTON HOSPITAL CENTER,Acute Care Hospitals,3,1,3,81106.0,33654.0
SHANDS JACKSONVILLE,Acute Care Hospitals,2,1,1,23890.0,35541.0
ORLANDO HEALTH,Acute Care Hospitals,3,1,2,56606.0,27324.0
ADVENTHEALTH ORLANDO,Acute Care Hospitals,5,0,5,61891.0,18302.0
LEE MEMORIAL HOSPITAL,Acute Care Hospitals,4,1,2,35373.0,20399.0
HALIFAX HEALTH MEDICAL CENTER,Acute Care Hospitals,2,2,1,24544.0,32087.0
NAPLES COMMUNITY HOSPITAL,Acute Care Hospitals,4,3,0,76096.0,11135.0
SACRED HEART HOSPITAL,Acute Care Hospitals,3,1,1,49001.0,22989.0
MEMORIAL REGIONAL HOSPITAL,Acute Care Hospitals,3,0,4,55532.0,47461.0
ASCENSION ST VINCENT'S RIVERSIDE,Acute Care Hospitals,3,0,3,40417.0,7573.0
SARASOTA MEMORIAL HOSPITAL,Acute Care Hospitals,5,2,0,55654.0,15453.0
BAPTIST HEALTH MEDICAL CENTER - JACKSONVILLE,Acute Care Hospitals,4,1,2,45214.0,35381.0
MORTON PLANT HOSPITAL,Acute Care Hospitals,4,0,2,41294.0,32992.0
TAMPA GENERAL HOSPITAL,Acute Care Hospitals,4,2,1,74855.0,18926.0
TALLAHASSEE MEMORIAL HEALTHCARE,Acute Care Hospitals,1,1,1,55625.0,22561.0
MAYO CLINIC FLORIDA,Acute Care Hospitals,5,1,0,72590.0,40354.0
LAKELAND REGIONAL MEDICAL CENTER,Acute Care Hospitals,1,0,4,32706.0,25358.0
BOCA RATON REGIONAL HOSPITAL,Acute Care Hospitals,3,2,0,79941.0,24672.0
CLEVELAND CLINIC HOSPITAL,Acute Care Hospitals,4,0,1,107192.0,24948.0
UNIVERSITY HOSPITAL,Acute Care Hospitals,3,0,2,20299.0,16461.0
"NORTHEAST GEORGIA MEDICAL CENTER, INC",Acute Care Hospitals,4,1,2,41268.0,28925.0
WELLSTAR KENNESTONE HOSPITAL,Acute Care Hospitals,3,1,1,41130.0,39255.0
MEMORIAL UNIVERSITY MEDICAL CENTER,Acute Care Hospitals,2,0,2,36692.0,31594.0
PIEDMONT ATHENS REGIONAL MEDICAL CENTER,Acute Care Hospitals,4,1,1,44046.0,42338.0
EMORY UNIVERSITY HOSPITAL MIDTOWN,Acute Care Hospitals,3,1,3,59945.0,17559.0
"SAINT JOSEPH'S HOSPITAL OF ATLANTA, INC",Acute Care Hospitals,4,0,1,76552.0,29218.0
PIEDMONT HOSPITAL,Acute Care Hospitals,4,0,2,82514.0,23458.0
NORTHSIDE HOSPITAL GWINNETT,Acute Care Hospitals,3,1,0,45874.0,36985.0
"MEDICAL CENTER, NAVICENT HEALTH (THE)",Acute Care Hospitals,2,0,3,19495.0,8107.0
SOUTH GEORGIA MEDICAL CENTER,Acute Care Hospitals,3,1,3,40858.0,35141.0
THE QUEENS MEDICAL CENTER,Acute Care Hospitals,5,1,0,70110.0,23449.0
ST LUKE'S REGIONAL MEDICAL CENTER,Acute Care Hospitals,5,4,0,70909.0,8638.0
SAINT ALPHONSUS REGIONAL MEDICAL CENTER,Acute Care Hospitals,3,2,0,45698.0,32701.0
NORTHSHORE UNIVERSITY HEALTHSYSTEM - EVANSTON HOSPITAL,Acute Care Hospitals,5,2,2,75401.0,42880.0
COPLEY MEMORIAL HOSPITAL,Acute Care Hospitals,4,0,0,77507.0,37867.0
ADVOCATE SHERMAN HOSPITAL,Acute Care Hospitals,5,0,1,59952.0,48177.0
SSM HEALTH - GOOD SAMARITAN HOSPITAL,Acute Care Hospitals,4,0,1,42197.0,23501.0
PALOS COMMUNITY HOSPITAL,Acute Care Hospitals,4,0,4,80401.0,14904.0
THE UNIVERSITY OF CHICAGO MEDICAL CENTER,Acute Care Hospitals,3,0,4,28024.0,48006.0
THE CARLE FOUNDATION HOSPITAL,Acute Care Hospitals,3,0,2,30540.0,31108.0
RUSH UNIVERSITY MEDICAL CENTER,Acute Care Hospitals,5,1,3,38756.0,35332.0
ADVENTIST HINSDALE HOSPITAL,Acute Care Hospitals,5,0,2,166936.0,18352.0
MEMORIAL MEDICAL CENTER,Acute Care Hospitals,2,0,2,37536.0,34479.0
ADVOCATE ILLINOIS MASONIC MEDICAL CENTER,Acute Care Hospitals,5,2,0,88708.0,70103.0
HSHS ST ELIZABETH'S HOSPITAL,Acute Care Hospitals,4,0,0,80179.0,31681.0
ELMHURST MEMORIAL HOSPITAL,Acute Care Hospitals,5,2,1,103454.0,48269.0
ADVOCATE CHRIST HOSPITAL & MEDICAL CENTER,Acute Care Hospitals,2,0,3,61398.0,56754.0
ADVOCATE LUTHERAN GENERAL HOSPITAL,Acute Care Hospitals,5,1,1,98219.0,37810.0
SWEDISH AMERICAN HOSPITAL,Acute Care Hospitals,3,1,1,27570.0,19554.0
EDWARD HOSPITAL,Acute Care Hospitals,5,0,1,112360.0,44925.0
JAVON BEA HOSPITAL,Acute Care Hospitals,3,0,2,36623.0,24064.0
CENTRAL DUPAGE HOSPITAL,Acute Care Hospitals,4,2,1,104468.0,11137.0
NORTHWEST COMMUNITY HOSPITAL 1,Acute Care Hospitals,4,1,0,78053.0,30148.0
ALEXIAN BROTHERS MEDICAL CENTER,Acute Care Hospitals,4,1,1,73026.0,33691.0
LOYOLA UNIVERSITY MEDICAL CENTER,Acute Care Hospitals,3,1,5,47538.0,23981.0
TRINITY ROCK ISLAND,Acute Care Hospitals,2,0,0,45074.0,38534.0
NORTHWESTERN MEMORIAL HOSPITAL,Acute Care Hospitals,5,2,2,96040.0,32198.0
ADVOCATE GOOD SAMARITAN HOSPITAL,Acute Care Hospitals,5,0,1,83694.0,28323.0
ADVOCATE GOOD SHEPHERD HOSPITAL,Acute Care Hospitals,5,1,0,130748.0,45680.0
SAINT JOSEPH REGIONAL MEDICAL CENTER,Acute Care Hospitals,4,2,1,41048.0,24513.0
ELKHART GENERAL HOSPITAL,Acute Care Hospitals,4,1,0,51019.0,42015.0
PARKVIEW REGIONAL MEDICAL CENTER,Acute Care Hospitals,3,0,1,88584.0,22187.0
ST MARY MEDICAL CENTER INC,Acute Care Hospitals,4,0,4,58342.0,30303.0
REID HOSPITAL & HEALTH CARE SERVICES,Acute Care Hospitals,2,2,1,39038.0,45883.0
INDIANA UNIVERSITY HEALTH BLOOMINGTON HOSPITAL,Acute Care Hospitals,4,2,0,49891.0,33052.0
INDIANA UNIVERSITY HEALTH,Acute Care Hospitals,3,0,1,36092.0,19317.0
MEMORIAL HOSPITAL OF SOUTH BEND,Acute Care Hospitals,2,2,1,18054.0,6491.0
ASCENSION ST VINCENT HOSPITAL,Acute Care Hospitals,3,2,2,46760.0,32798.0
COLUMBUS REGIONAL HOSPITAL,Acute Care Hospitals,4,3,0,55259.0,44221.0
COMMUNITY HOSPITAL,Acute Care Hospitals,3,0,5,78251.0,23005.0
FRANCISCAN HEALTH INDIANAPOLIS,Acute Care Hospitals,4,2,2,63388.0,39499.0
INDIANA UNIVERSITY HEALTH ARNETT HOSPITAL,Acute Care Hospitals,4,0,0,54757.0,41243.0
ST LUKES HOSPITAL,Acute Care Hospitals,5,2,0,62216.0,42068.0
MERCYONE NORTH IOWA MEDICAL CENTER,Acute Care Hospitals,3,3,0,48116.0,29040.0
UNITYPOINT HEALTH - DES MOINES IOWA METHODIST MEDI,Acute Care Hospitals,4,0,1,38024.0,6160.0
MERCYONE DES MOINES MEDICAL CENTER,Acute Care Hospitals,4,1,0,37826.0,12067.0
ADVENTHEALTH SHAWNEE MISSION,Acute Care Hospitals,5,0,1,53272.0,19520.0
VIA CHRISTI HOSPITAL-WICHITA,Acute Care Hospitals,2,1,1,23183.0,14666.0
WESLEY MEDICAL CENTER,Acute Care Hospitals,4,2,0,23183.0,14666.0
OVERLAND PARK REG MED CTR,Acute Care Hospitals,4,0,1,71529.0,26103.0
KING'S DAUGHTERS' MEDICAL CENTER,Acute Care Hospitals,3,0,4,38433.0,19219.0
ST ELIZABETH EDGEWOOD,Acute Care Hospitals,4,0,0,74593.0,39334.0
PIKEVILLE MEDICAL CENTER,Acute Care Hospitals,2,0,6,35656.0,23122.0
"NORTON HOSPITALS, INC",Acute Care Hospitals,3,0,4,17372.0,6827.0
BAPTIST HEALTH LEXINGTON,Acute Care Hospitals,4,0,1,60793.0,29534.0
BAPTIST HEALTH LOUISVILLE,Acute Care Hospitals,3,0,0,77722.0,30755.0
LAFAYETTE GENERAL MEDICAL CENTER,Acute Care Hospitals,4,1,0,72632.0,31193.0
OCHSNER CLINIC FOUNDATION,Acute Care Hospitals,4,0,3,47710.0,11503.0
"WILLIS KNIGHTON MEDICAL CENTER, INC",Acute Care Hospitals,4,0,0,19600.0,7367.0
ST FRANCIS MEDICAL CENTER,Acute Care Hospitals,4,0,2,46911.0,21336.0
TULANE MEDICAL CENTER,Acute Care Hospitals,3,0,3,50313.0,2553.0
MAINE MEDICAL CENTER,Acute Care Hospitals,4,6,0,49426.0,17797.0
EASTERN MAINE MEDICAL CENTER,Acute Care Hospitals,2,2,1,46493.0,44578.0
SINAI HOSPITAL OF BALTIMORE,Acute Care Hospitals,2,1,3,36500.0,59404.0
MASSACHUSETTS GENERAL HOSPITAL,Acute Care Hospitals,5,3,4,89452.0,13247.0
SOUTHCOAST HOSPITALS GROUP,Acute Care Hospitals,2,0,5,47992.0,31126.0
BETH ISRAEL DEACONESS MEDICAL CENTER,Acute Care Hospitals,3,0,5,43403.0,25023.0
BRIGHAM AND WOMEN'S HOSPITAL,Acute Care Hospitals,4,0,2,38759.0,29244.0
TUFTS MEDICAL CENTER,Acute Care Hospitals,4,0,2,39329.0,7452.0
"LAHEY HOSPITAL & MEDICAL CENTER, BURLINGTON",Acute Care Hospitals,5,1,2,99254.0,26103.0
BRONSON METHODIST HOSPITAL,Acute Care Hospitals,4,1,0,30711.0,10695.0
BEAUMONT HOSPITAL - DEARBORN,Acute Care Hospitals,3,0,4,66198.0,29132.0
"LAKELAND HOSPITAL, ST JOSEPH",Acute Care Hospitals,4,1,0,68228.0,23293.0
ST JOSEPH MERCY OAKLAND,Acute Care Hospitals,4,0,1,35818.0,17545.0
SPECTRUM HEALTH,Acute Care Hospitals,4,0,1,41306.0,36467.0
MCLAREN BAY REGION,Acute Care Hospitals,3,0,3,37604.0,26744.0
HENRY FORD MACOMB HOSPITAL,Acute Care Hospitals,3,0,3,55567.0,43192.0
HENRY FORD HOSPITAL,Acute Care Hospitals,3,0,4,22522.0,16664.0
MERCY HEALTH HACKLEY CAMPUS,Acute Care Hospitals,5,5,0,35314.0,41374.0
COVENANT MEDICAL CENTER,Acute Care Hospitals,3,0,3,36631.0,30343.0
HENRY FORD ALLEGIANCE HEALTH,Acute Care Hospitals,4,0,1,52638.0,44859.0
MUNSON MEDICAL CENTER,Acute Care Hospitals,5,3,0,57646.0,40151.0
BEAUMONT HOSPITAL ROYAL OAK,Acute Care Hospitals,4,0,4,70350.0,33800.0
ASCENSION ST JOHN HOSPITAL,Acute Care Hospitals,2,0,6,103302.0,29959.0
MCLAREN GREATER LANSING,Acute Care Hospitals,3,0,0,39200.0,35610.0
MCLAREN MACOMB,Acute Care Hospitals,3,0,2,39537.0,16383.0
EDWARD W SPARROW HOSPITAL,Acute Care Hospitals,3,0,0,40765.0,17543.0
"BEAUMONT HOSPITAL, TROY",Acute Care Hospitals,5,0,3,107152.0,25418.0
ESSENTIA HEALTH ST MARY'S MEDICAL CENTER,Acute Care Hospitals,4,0,1,25892.0,9688.0
MAYO CLINIC HOSPITAL ROCHESTER,Acute Care Hospitals,5,1,2,86513.0,24125.0
ST CLOUD HOSPITAL,Acute Care Hospitals,4,2,0,50345.0,25344.0
PARK NICOLLET METHODIST HOSPITAL,Acute Care Hospitals,5,1,0,67467.0,26661.0
ABBOTT NORTHWESTERN HOSPITAL,Acute Care Hospitals,4,2,0,58142.0,40923.0
"UNIVERSITY OF MINNESOTA  MEDICAL CENTER, FAIRVIEW",Acute Care Hospitals,2,0,2,20088.0,9672.0
REGIONS HOSPITAL,Acute Care Hospitals,4,1,0,48696.0,7163.0
MERCY HOSPITAL,Acute Care Hospitals,5,2,0,63445.0,34803.0
UNIVERSITY OF MISSISSIPPI MED CENTER,Acute Care Hospitals,1,0,2,44041.0,3850.0
SINGING RIVER HEALTH SYSTEM,Acute Care Hospitals,2,2,2,35000.0,11054.0
ST DOMINIC-JACKSON MEMORIAL HOSPITAL,Acute Care Hospitals,3,0,2,44041.0,3850.0
MISSISSIPPI BAPTIST MEDICAL CENTER,Acute Care Hospitals,4,1,2,33836.0,8197.0
MERCY HOSPITAL ST LOUIS,Acute Care Hospitals,5,1,2,110645.0,20229.0
RESEARCH MEDICAL CENTER,Acute Care Hospitals,2,0,0,32716.0,14474.0
BARNES JEWISH HOSPITAL,Acute Care Hospitals,3,1,4,49610.0,17898.0
COX MEDICAL CENTERS,Acute Care Hospitals,1,0,2,38862.0,58008.0
MERCY HOSPITAL SPRINGFIELD,Acute Care Hospitals,4,3,0,48214.0,38021.0
BOONE HOSPITAL CENTER,Acute Care Hospitals,5,3,1,35396.0,44222.0
SSM HEALTH DEPAUL HOSPITAL ST LOUIS,Acute Care Hospitals,2,0,2,60344.0,10613.0
MISSOURI BAPTIST MEDICAL CENTER,Acute Care Hospitals,5,1,0,144159.0,17458.0
FREEMAN HEALTH SYSTEM - FREEMAN WEST,Acute Care Hospitals,2,0,2,48574.0,35545.0
ST LUKES HOSPITAL OF KANSAS CITY,Acute Care Hospitals,4,0,2,45026.0,17398.0
ST LUKES HOSPITAL,Acute Care Hospitals,5,1,2,99099.0,41579.0
SAINT FRANCIS MEDICAL CENTER,Acute Care Hospitals,4,3,1,24815.0,8190.0
BILLINGS CLINIC,Acute Care Hospitals,4,2,0,47969.0,41436.0
BRYAN MEDICAL CENTER,Acute Care Hospitals,5,3,1,55255.0,29018.0
THE NEBRASKA METHODIST HOSPITAL,Acute Care Hospitals,5,1,1,52987.0,17627.0
CHI HEALTH BERGAN MERCY,Acute Care Hospitals,4,0,0,68311.0,15959.0
RENOWN REGIONAL MEDICAL CENTER,Acute Care Hospitals,2,1,2,39061.0,45953.0
MOUNTAINVIEW HOSPITAL,Acute Care Hospitals,3,0,4,55840.0,36412.0
SUMMERLIN HOSPITAL MEDICAL CENTER,Acute Care Hospitals,2,0,4,84051.0,19575.0
CONCORD HOSPITAL,Acute Care Hospitals,5,0,1,60420.0,32402.0
HACKENSACK UNIVERSITY MEDICAL CENTER,Acute Care Hospitals,3,2,4,59277.0,44673.0
NEWARK BETH ISRAEL MEDICAL CENTER,Acute Care Hospitals,2,0,3,35765.0,26016.0
VALLEY HOSPITAL,Acute Care Hospitals,4,2,1,162201.0,25568.0
COOPER UNIVERSITY HOSPITAL,Acute Care Hospitals,2,0,4,22500.0,14432.0
MORRISTOWN MEDICAL CENTER,Acute Care Hospitals,5,1,1,114844.0,45023.0
ROBERT WOOD JOHNSON UNIVERSITY HOSPITAL,Acute Care Hospitals,2,0,4,38413.0,58347.0
ATLANTICARE REGIONAL MEDICAL CENTER - CITY CAMPUS,Acute Care Hospitals,3,1,3,26006.0,39075.0
SAINT BARNABAS MEDICAL CENTER,Acute Care Hospitals,3,0,3,153381.0,29955.0
PRESBYTERIAN HOSPITAL,Acute Care Hospitals,3,1,0,36267.0,24988.0
KALEIDA HEALTH,Acute Care Hospitals,2,1,2,37384.0,14967.0
ALBANY MEDICAL CENTER HOSPITAL,Acute Care Hospitals,1,0,3,60430.0,21736.0
VASSAR BROTHERS MEDICAL CENTER,Acute Care Hospitals,2,0,4,43802.0,41773.0
MOUNT SINAI HOSPITAL,Acute Care Hospitals,4,0,2,34015.0,80866.0
MOUNT SINAI ST LUKE'S ROOSEVELT HOSPITAL,Acute Care Hospitals,3,0,3,99063.0,41592.0
NEW YORK-PRESBYTERIAN/QUEENS,Acute Care Hospitals,4,0,3,38370.0,82890.0
ST PETER'S HOSPITAL,Acute Care Hospitals,4,0,2,60430.0,21736.0
MONTEFIORE MEDICAL CENTER,Acute Care Hospitals,1,0,6,35381.0,102718.0
NEW YORK-PRESBYTERIAN HOSPITAL,Acute Care Hospitals,4,1,3,124322.0,29565.0
NORTH SHORE UNIVERSITY HOSPITAL,Acute Care Hospitals,4,0,4,182000.0,18194.0
LENOX HILL HOSPITAL,Acute Care Hospitals,4,0,3,123842.0,44983.0
ROCHESTER GENERAL HOSPITAL,Acute Care Hospitals,2,0,4,26104.0,33814.0
STATEN ISLAND UNIVERSITY HOSPITAL,Acute Care Hospitals,2,0,4,76044.0,42311.0
MAIMONIDES MEDICAL CENTER,Acute Care Hospitals,2,0,3,37665.0,93979.0
NEW YORK UNIVERSITY LANGONE MEDICAL CENTER,Acute Care Hospitals,5,4,1,109250.0,51448.0
WESTCHESTER MEDICAL CENTER,Acute Care Hospitals,1,0,3,108586.0,8366.0
NEW YORK-PRESBYTERIAN/BROOKLYN METHODIST HOSPITAL,Acute Care Hospitals,3,0,4,116893.0,71015.0
GOOD SAMARITAN HOSPITAL MEDICAL CENTER,Acute Care Hospitals,1,0,4,111581.0,25018.0
"UNITED HEALTH SERVICES HOSPITALS, INC",Acute Care Hospitals,2,0,3,46021.0,18400.0
CAROLINAS MEDICAL CENTER-NORTHEAST,Acute Care Hospitals,3,3,1,52106.0,53874.0
MEMORIAL MISSION HOSPITAL AND ASHEVILLE SURGERY CE,Acute Care Hospitals,4,6,0,34035.0,14211.0
NOVANT HEALTH FORSYTH MEDICAL CENTER,Acute Care Hospitals,4,0,2,45912.0,35792.0
CAROMONT REGIONAL MEDICAL CENTER,Acute Care Hospitals,2,0,2,34195.0,34827.0
VIDANT MEDICAL CENTER,Acute Care Hospitals,1,0,5,34512.0,57038.0
UNIVERSITY OF NORTH CAROLINA HOSPITAL,Acute Care Hospitals,3,1,1,69380.0,31659.0
"MOSES H. CONE MEMORIAL HOSPITAL, THE",Acute Care Hospitals,3,3,0,31191.0,21650.0
CAROLINAS MEDICAL CENTER/BEHAV HEALTH,Acute Care Hospitals,3,1,1,79861.0,14824.0
REX HOSPITAL,Acute Care Hospitals,5,4,0,74786.0,29067.0
FIRSTHEALTH MOORE REGIONAL HOSPITAL,Acute Care Hospitals,4,1,0,83023.0,17205.0
DUKE REGIONAL HOSPITAL,Acute Care Hospitals,4,0,0,43592.0,37522.0
"UNIVERSITY OF CINCINNATI MEDICAL CENTER, LLC",Acute Care Hospitals,2,0,1,26437.0,18009.0
RIVERSIDE METHODIST HOSPITAL,Acute Care Hospitals,4,2,0,67088.0,26513.0
SOUTHERN OHIO MEDICAL CENTER,Acute Care Hospitals,4,0,1,31143.0,29912.0
GRANT MEDICAL CENTER,Acute Care Hospitals,3,0,1,57752.0,14322.0
AKRON GENERAL MEDICAL CENTER,Acute Care Hospitals,4,0,2,19158.0,7464.0
MOUNT CARMEL EAST & WEST,Acute Care Hospitals,2,0,2,37391.0,33337.0
GENESIS HOSPITAL,Acute Care Hospitals,4,0,1,40848.0,55411.0
MIAMI VALLEY HOSPITAL,Acute Care Hospitals,3,0,0,56547.0,15264.0
METROHEALTH SYSTEM,Acute Care Hospitals,3,0,0,30464.0,40810.0
MERCY MEDICAL CENTER,Acute Care Hospitals,4,1,0,51771.0,25558.0
FAIRVIEW HOSPITAL,Acute Care Hospitals,5,0,3,40542.0,41455.0
KETTERING MEDICAL CENTER,Acute Care Hospitals,4,1,0,61398.0,25929.0
AULTMAN HOSPITAL,Acute Care Hospitals,3,0,1,38598.0,9378.0
OHIO STATE UNIVERSITY STATE HEALTH SYSTEM,Acute Care Hospitals,4,1,2,16563.0,12183.0
MERCY ST VINCENT MEDICAL CENTER,Acute Care Hospitals,3,0,1,25465.0,14853.0
GRANDVIEW AND SOUTHVIEW HOSPITALS,Acute Care Hospitals,4,0,1,27492.0,17234.0
UNIVERSITY HOSPITALS OF CLEVELAND,Acute Care Hospitals,3,0,2,25892.0,25836.0
SOUTHWEST GENERAL HEALTH CENTER,Acute Care Hospitals,5,0,1,53059.0,49591.0
ADENA REGIONAL MEDICAL CENTER,Acute Care Hospitals,5,0,1,44573.0,56610.0
CHRIST HOSPITAL,Acute Care Hospitals,5,2,0,26437.0,18009.0
HILLCREST HOSPITAL,Acute Care Hospitals,5,0,2,61621.0,37728.0
HILLCREST MEDICAL CENTER,Acute Care Hospitals,2,0,3,39966.0,11827.0
"INTEGRIS BAPTIST MEDICAL CENTER, INC",Acute Care Hospitals,2,1,0,43755.0,31948.0
"SAINT FRANCIS HOSPITAL, INC",Acute Care Hospitals,3,0,3,41433.0,31726.0
OHSU HOSPITAL AND CLINICS,Acute Care Hospitals,4,1,1,85481.0,16682.0
ASANTE ROGUE REGIONAL MEDICAL CENTER,Acute Care Hospitals,5,3,0,52421.0,46818.0
ST CHARLES MEDICAL CENTER - BEND,Acute Care Hospitals,4,3,1,60983.0,65991.0
SALEM HOSPITAL,Acute Care Hospitals,3,1,0,39283.0,56393.0
TEMPLE UNIVERSITY HOSPITAL,Acute Care Hospitals,3,0,1,18557.0,49300.0
READING HOSPITAL,Acute Care Hospitals,5,2,1,37624.0,10663.0
YORK HOSPITAL,Acute Care Hospitals,4,0,2,52074.0,39459.0
ST LUKE'S HOSPITAL BETHLEHEM,Acute Care Hospitals,5,1,1,50500.0,33291.0
UPMC ALTOONA,Acute Care Hospitals,4,1,1,42315.0,32764.0
ST JOSEPH MEDICAL CENTER,Acute Care Hospitals,4,0,0,63766.0,19798.0
LANCASTER GENERAL HOSPITAL,Acute Care Hospitals,5,2,0,50329.0,51809.0
LEHIGH VALLEY HOSPITAL,Acute Care Hospitals,4,1,1,51723.0,46777.0
THOMAS JEFFERSON UNIVERSITY HOSPITAL,Acute Care Hospitals,4,0,2,49776.0,13832.0
CHESTER COUNTY HOSPITAL,Acute Care Hospitals,5,2,1,94231.0,51146.0
MAIN LINE HOSPITAL LANKENAU,Acute Care Hospitals,5,0,0,130192.0,13344.0
PENNSYLVANIA HOSPITAL,Acute Care Hospitals,3,1,4,49776.0,13832.0
ABINGTON MEMORIAL HOSPITAL,Acute Care Hospitals,4,0,4,79342.0,17073.0
MILTON S HERSHEY MEDICAL CENTER,Acute Care Hospitals,4,1,1,61265.0,17485.0
RHODE ISLAND HOSPITAL,Acute Care Hospitals,3,1,2,30711.0,10890.0
SPARTANBURG MEDICAL CENTER,Acute Care Hospitals,3,0,1,31261.0,24889.0
ST FRANCIS-DOWNTOWN,Acute Care Hospitals,4,2,1,40801.0,11906.0
ANMED HEALTH,Acute Care Hospitals,3,1,2,54648.0,40867.0
MCLEOD REGIONAL MEDICAL CENTER-PEE DEE,Acute Care Hospitals,3,3,1,33355.0,20536.0
SELF REGIONAL HEALTHCARE,Acute Care Hospitals,3,0,1,32023.0,28633.0
LEXINGTON MEDICAL CENTER,Acute Care Hospitals,3,0,2,41090.0,23490.0
TRIDENT MEDICAL CENTER,Acute Care Hospitals,1,0,3,35419.0,32868.0
AIKEN REGIONAL MEDICAL CENTER,Acute Care Hospitals,2,0,0,39445.0,27434.0
JACKSON-MADISON COUNTY GENERAL HOSPITAL,Acute Care Hospitals,2,0,2,30106.0,33307.0
UNIVERSITY OF TN MEDICAL CENTER,Acute Care Hospitals,4,1,1,40654.0,39948.0
BAPTIST MEMORIAL HOSPITAL,Acute Care Hospitals,2,0,4,99472.0,14928.0
METHODIST HOSPITALS OF MEMPHIS,Acute Care Hospitals,3,0,4,37924.0,23594.0
ERLANGER MEDICAL CENTER,Acute Care Hospitals,2,0,0,36587.0,7332.0
PHYSICIANS REGIONAL MEDICAL CENTER,Acute Care Hospitals,3,1,2,61694.0,27222.0
FORT SANDERS REGIONAL MEDICAL CENTER,Acute Care Hospitals,3,0,0,17561.0,13014.0
TRISTAR CENTENNIAL MEDICAL CENTER,Acute Care Hospitals,3,0,2,50988.0,13101.0
UNITED REGIONAL HEALTH CARE SYSTEM,Acute Care Hospitals,3,3,0,26659.0,15632.0
ST JOSEPH REGIONAL HEALTH CENTER,Acute Care Hospitals,4,1,0,54451.0,26185.0
BAYLOR UNIVERSITY MEDICAL CENTER,Acute Care Hospitals,3,1,4,26716.0,2276.0
CITIZENS MEDICAL CENTER,Acute Care Hospitals,3,1,0,44663.0,43424.0
CHRISTUS SOUTHEAST TEXAS- ST ELIZABETH,Acute Care Hospitals,2,1,0,44940.0,3091.0
CHRISTUS SPOHN HOSPITAL CORPUS CHRISTI,Acute Care Hospitals,2,0,1,41513.0,18467.0
ASCENSION SETON MEDICAL CENTER AUSTIN,Acute Care Hospitals,3,0,0,15309.0,33075.0
BAPTIST MEDICAL CENTER,Acute Care Hospitals,3,2,0,31706.0,1041.0
MEMORIAL HERMANN - TEXAS MEDICAL CENTER,Acute Care Hospitals,3,0,2,75290.0,10813.0
BAYLOR SCOTT & WHITE MEDICAL CENTER HILLCREST,Acute Care Hospitals,4,1,0,70056.0,25350.0
CHRISTUS MOTHER FRANCES HOSPITAL,Acute Care Hospitals,4,3,0,49030.0,34876.0
TEXAS HEALTH HARRIS METHODIST HOSPITAL FORT WORTH,Acute Care Hospitals,2,0,0,26140.0,18199.0
BAYLOR SCOTT & WHITE ALL SAINTS MEDICAL CENTER FORT WORTH,Acute Care Hospitals,3,0,0,26140.0,18199.0
MEMORIAL HERMANN HOSPITAL SYSTEM,Acute Care Hospitals,4,1,3,97690.0,34491.0
CHI ST LUKES HEALTH MEMORIAL LUFKIN,Acute Care Hospitals,3,0,2,47081.0,31647.0
UNIVERSITY HEALTH SYSTEM,Acute Care Hospitals,2,0,1,38837.0,32338.0
HENDRICK MEDICAL CENTER,Acute Care Hospitals,4,2,0,38691.0,28041.0
BAPTIST ST ANTHONY'S HOSPITAL,Acute Care Hospitals,4,1,1,41480.0,27883.0
HOUSTON METHODIST HOSPITAL,Acute Care Hospitals,5,1,3,75290.0,10813.0
METHODIST HOSPITAL,Acute Care Hospitals,2,0,2,38837.0,32338.0
ST DAVID'S MEDICAL CENTER,Acute Care Hospitals,5,0,1,15309.0,33075.0
TEXAS HEALTH PRESBYTERIAN HOSPITAL DALLAS,Acute Care Hospitals,3,3,1,37189.0,40464.0
SHANNON MEDICAL CENTER,Acute Care Hospitals,4,1,0,36215.0,32103.0
MEDICAL CITY DALLAS HOSPITAL,Acute Care Hospitals,3,0,2,78837.0,27521.0
ST DAVID'S SOUTH AUSTIN MEDICAL CENTER,Acute Care Hospitals,4,0,2,66262.0,47158.0
"CORPUS CHRISTI MEDICAL CENTER,THE",Acute Care Hospitals,3,0,1,83847.0,38343.0
CHRISTUS ST MICHAEL HEALTH SYSTEM,Acute Care Hospitals,4,0,0,59811.0,25916.0
HOUSTON METHODIST SUGARLAND HOSPITAL,Acute Care Hospitals,5,2,4,135952.0,88603.0
HOUSTON METHODIST WILLOWBROOK HOSPITAL,Acute Care Hospitals,4,0,0,69038.0,51080.0
DOCTORS HOSPITAL AT RENAISSANCE,Acute Care Hospitals,4,0,1,55507.0,34991.0
UTAH VALLEY HOSPITAL,Acute Care Hospitals,5,3,0,56188.0,46921.0
MCKAY DEE HOSPITAL,Acute Care Hospitals,4,3,0,60453.0,37990.0
INTERMOUNTAIN MEDICAL CENTER,Acute Care Hospitals,5,4,0,51463.0,34302.0
ST. GEORGE REGIONAL HOSPITAL,Acute Care Hospitals,5,4,0,58927.0,42524.0
UNIV. OF VERMONT - FLETCHER ALLEN HEALTH CARE,Acute Care Hospitals,5,4,1,41953.0,28746.0
SENTARA RMH MEDICAL CENTER,Acute Care Hospitals,4,2,0,46211.0,39833.0
CENTRA HEALTH -  LYNCHBURG GEN HOSPITAL,Acute Care Hospitals,4,3,0,32049.0,26708.0
MARY WASHINGTON HOSPITAL,Acute Care Hospitals,3,1,4,57258.0,28135.0
CARILION MEDICAL CENTER,Acute Care Hospitals,3,2,2,53423.0,17879.0
LEWISGALE MEDICAL CENTER,Acute Care Hospitals,3,0,0,57026.0,37944.0
RIVERSIDE REGIONAL MEDICAL CENTER,Acute Care Hospitals,2,0,0,54375.0,25763.0
INOVA FAIRFAX HOSPITAL,Acute Care Hospitals,4,0,2,103119.0,34299.0
CJW MEDICAL CENTER,Acute Care Hospitals,3,0,1,73930.0,31936.0
HENRICO DOCTORS' HOSPITAL,Acute Care Hospitals,4,0,1,79767.0,35479.0
VIRGINIA MASON MEDICAL CENTER,Acute Care Hospitals,5,1,0,68750.0,12408.0
PROVIDENCE REGIONAL MEDICAL CENTER EVERETT,Acute Care Hospitals,3,0,1,47796.0,28760.0
PROVIDENCE ST PETER HOSPITAL,Acute Care Hospitals,2,0,1,64566.0,17862.0
ST JOSEPH HOSPITAL,Acute Care Hospitals,4,2,1,41536.0,50686.0
OVERLAKE HOSPITAL MEDICAL CENTER,Acute Care Hospitals,4,1,0,117321.0,34283.0
PROV SACRED HRT MED CTR & CHILDS HOSP.,Acute Care Hospitals,3,2,0,32483.0,6335.0
ST JOSEPH MEDICAL CENTER,Acute Care Hospitals,3,1,2,48411.0,23668.0
ST MARY'S MEDICAL CENTER,Acute Care Hospitals,2,0,2,28768.0,7495.0
CHARLESTON AREA MEDICAL CENTER,Acute Care Hospitals,2,2,3,26204.0,2360.0
MON HEALTH MEDICAL CENTER,Acute Care Hospitals,4,0,1,36606.0,38483.0
WHEELING HOSPITAL,Acute Care Hospitals,1,0,3,46717.0,41802.0
CAMDEN CLARK MEDICAL CENTER,Acute Care Hospitals,3,0,2,34160.0,30016.0
WAUKESHA MEMORIAL HOSPITAL,Acute Care Hospitals,4,1,0,66359.0,35524.0
ASCENSION NE WISCONSIN - ST ELIZABETH CAMPUS,Acute Care Hospitals,3,0,0,63459.0,42788.0
ASPIRUS WAUSAU HOSPITAL,Acute Care Hospitals,3,2,1,47627.0,30703.0
MARSHFIELD MEDICAL CENTER,Acute Care Hospitals,3,0,3,54167.0,26001.0
GUNDERSEN LUTHERAN MEDICAL CENTER,Acute Care Hospitals,4,1,1,47362.0,50529.0
MERITER HOSPITAL,Acute Care Hospitals,5,0,0,30019.0,14246.0
ASCENSION SE WISCONSIN HOSPITAL - ST JOSEPH CAMPUS,Acute Care Hospitals,3,1,0,34516.0,26837.0
AURORA ST LUKES MEDICAL CENTER,Acute Care Hospitals,4,1,0,35803.0,62134.0
THEDACARE REGIONAL MEDICAL CENTER - APPLETON INC,Acute Care Hospitals,4,2,0,49595.0,26516.0
HOUSTON METHODIST WEST HOSPITAL,Acute Care Hospitals,4,0,0,158160.0,9439.0
BAYLOR SCOTT & WHITE MEDICAL CENTER- COLLEGE STATI,Acute Care Hospitals,4,1,0,76230.0,59512.0
HOUSTON METHODIST THE WOODLANDS HOSPITAL,Acute Care Hospitals,4,0,1,88220.0,23578.0
KIT CARSON COUNTY MEMORIAL HOSPITAL,Critical Access Hospitals,2,0,0,46726.0,5248.0
CARLA EUREKA  HOSPITAL,Critical Access Hospitals,4,0,0,58936.0,7040.0
MCDOWELL ARH HOSPITAL,Critical Access Hospitals,4,0,0,31750.0,1352.0
NEWPORT COMMUNITY HOSPITAL,Critical Access Hospitals,3,1,0,49084.0,8043.0
MERCY HOSPITAL WALDRON,Critical Access Hospitals,3,1,0,35345.0,7347.0
"DEWITT HOSPITAL & NURSING HOME, INC",Critical Access Hospitals,2,0,1,31930.0,5070.0
FULTON COUNTY HOSPITAL,Critical Access Hospitals,1,0,1,40429.0,4284.0
PIGGOTT COMMUNITY HOSPITAL,Critical Access Hospitals,1,0,0,32216.0,4927.0
PLUMAS DISTRICT HOSPITAL,Critical Access Hospitals,3,0,1,49150.0,5913.0
SANTA YNEZ VALLEY COTTAGE HOSPITAL,Critical Access Hospitals,4,0,0,76850.0,8011.0
MT SAN RAFAEL HOSPITAL,Critical Access Hospitals,5,1,0,39778.0,11176.0
SYRINGA GENERAL HOSPITAL,Critical Access Hospitals,4,0,1,47620.0,5742.0
CLEARWATER VALLEY HOSPITAL & CLINICS,Critical Access Hospitals,3,1,0,43854.0,5911.0
ST MARYS HOSPITAL AND CLINICS,Critical Access Hospitals,4,1,0,48800.0,2439.0
MERCY HARVARD HOSPITAL,Critical Access Hospitals,4,0,0,56329.0,13596.0
PANA COMMUNITY HOSPITAL,Critical Access Hospitals,3,0,0,47513.0,7111.0
CARLINVILLE AREA HOSPITAL,Critical Access Hospitals,3,1,0,56414.0,7685.0
KNOXVILLE HOSPITAL & CLINICS,Critical Access Hospitals,4,0,0,52090.0,11161.0
GRAHAM COUNTY HOSPITAL,Critical Access Hospitals,3,0,0,42344.0,1734.0
GREENWOOD COUNTY HOSPITAL,Critical Access Hospitals,3,0,0,41302.0,3323.0
"COMMUNITY MEMORIAL HEALTHCARE, INC.",Critical Access Hospitals,4,1,0,48767.0,4436.0
CASEY COUNTY HOSPITAL,Critical Access Hospitals,4,1,0,34362.0,9556.0
CARROLL COUNTY MEMORIAL HOSPITAL,Critical Access Hospitals,4,1,0,45833.0,6951.0
CUMBERLAND COUNTY HOSPITAL,Critical Access Hospitals,2,0,0,35400.0,6736.0
BRECKINRIDGE MEMORIAL HOSPITAL,Critical Access Hospitals,2,0,0,40732.0,5840.0
JANE TODD CRAWFORD HOSPITAL,Critical Access Hospitals,3,0,0,36849.0,9319.0
NORTH CADDO MEDICAL CENTER,Critical Access Hospitals,5,0,0,32957.0,5522.0
FRANKLIN FOUNDATION HOSPITAL,Critical Access Hospitals,4,0,0,39745.0,13400.0
PENOBSCOT VALLEY HOSPITAL,Critical Access Hospitals,3,0,0,39842.0,5845.0
TIPPAH COUNTY HOSPITAL,Critical Access Hospitals,5,0,0,40975.0,12451.0
ST LUKE COMMUNITY HOSPITAL,Critical Access Hospitals,4,0,0,42283.0,7152.0
CHI HEALTH ST. MARY'S,Critical Access Hospitals,3,0,0,47684.0,8783.0
PENDER COMMUNITY HOSPITAL,Critical Access Hospitals,4,1,0,64135.0,1811.0
OGALLALA COMMUNITY HOSPITAL,Critical Access Hospitals,2,0,0,40313.0,5489.0
MINERS' COLFAX MEDICAL CENTER,Critical Access Hospitals,5,1,0,30017.0,7285.0
SOLDIERS AND SAILORS MEMORIAL HOSPITAL OF YATES,Critical Access Hospitals,2,1,0,51159.0,12979.0
CARRINGTON HEALTH CENTER,Critical Access Hospitals,2,0,0,60265.0,2706.0
"MERCY HOSPITAL LOGAN COUNTY, INC",Critical Access Hospitals,5,1,0,50338.0,23349.0
MARY HURLEY HOSPITAL,Critical Access Hospitals,4,0,0,40667.0,4067.0
BLUE MOUNTAIN HOSPITAL,Critical Access Hospitals,4,1,0,52057.0,2752.0
FALL RIVER HOSPITAL - CAH,Critical Access Hospitals,4,1,0,52405.0,5833.0
MOBRIDGE REGIONAL HOSPITAL - CAH,Critical Access Hospitals,3,0,0,43818.0,3832.0
CAMDEN GENERAL HOSPITAL,Critical Access Hospitals,3,0,0,33304.0,10337.0
OCHILTREE GENERAL HOSPITAL,Critical Access Hospitals,2,0,0,49548.0,10183.0
WARD MEMORIAL HOSPITAL,Critical Access Hospitals,4,0,0,66974.0,9622.0
LAVACA MEDICAL CENTER,Critical Access Hospitals,5,1,0,52313.0,8269.0
BATH COMMUNITY HOSPITAL,Critical Access Hospitals,4,0,0,44894.0,2805.0
SUMMIT PACIFIC MEDICAL CENTER-SWING BED UNIT,Critical Access Hospitals,2,0,0,47813.0,9951.0
HAMPSHIRE MEMORIAL HOSPITAL,Critical Access Hospitals,4,0,0,35320.0,6601.0
BOONE MEMORIAL HOSPITAL,Critical Access Hospitals,4,0,0,40424.0,3338.0
ASCENSION SACRED HEART HOSPITAL,Critical Access Hospitals,3,0,0,50792.0,9604.0
NORTH BIG HORN HOSPITAL DISTRICT,Critical Access Hospitals,2,1,0,49453.0,3502.0
"IZARD COUNTY MEDICAL CENTER, LLC",Critical Access Hospitals,2,0,0,37500.0,3521.0
CROSSRIDGE COMMUNITY HOSPITAL,Critical Access Hospitals,3,1,1,43941.0,12941.0
LAWRENCE MEMORIAL HOSPITAL,Critical Access Hospitals,3,1,0,39301.0,6584.0
HOWARD MEMORIAL HOSPITAL,Critical Access Hospitals,3,0,0,34665.0,10143.0
CHI ST VINCENT MORRILTON,Critical Access Hospitals,3,0,0,37808.0,10913.0
BRADLEY COUNTY MEDICAL CENTER,Critical Access Hospitals,4,0,0,36089.0,8628.0
CHICOT MEMORIAL MEDICAL CENTER,Critical Access Hospitals,3,0,0,41125.0,4703.0
ORCHARD HOSPITAL,Critical Access Hospitals,3,0,0,46058.0,10796.0
EAST MORGAN COUNTY HOSPITAL,Critical Access Hospitals,4,2,0,52245.0,7174.0
HENDRY REGIONAL MEDICAL CENTER,Critical Access Hospitals,3,1,0,35989.0,20004.0
CHATUGE REGIONAL HOSPITAL,Critical Access Hospitals,4,1,0,42169.0,6670.0
WILLS MEMORIAL HOSPITAL,Critical Access Hospitals,3,0,0,33895.0,7864.0
BACON COUNTY HOSPITAL,Critical Access Hospitals,2,0,1,39436.0,10325.0
MEMORIAL HOSPITAL,Critical Access Hospitals,4,0,0,51961.0,3982.0
ILLINI COMMUNITY HOSPITAL,Critical Access Hospitals,4,0,0,39708.0,5853.0
OSF HOLY FAMILY MEDICAL CENTER,Critical Access Hospitals,5,0,0,42767.0,11592.0
MASSAC MEMORIAL HOSPITAL,Critical Access Hospitals,5,0,0,42147.0,11260.0
OSF SAINT LUKES MEDICAL CENTER,Critical Access Hospitals,4,2,0,39052.0,13788.0
HAMILTON MEMORIAL HOSPITAL,Critical Access Hospitals,1,0,0,46014.0,5876.0
HILLSBORO AREA HOSPITAL,Critical Access Hospitals,3,1,0,50445.0,9236.0
MEMORIAL HOSPITAL,Critical Access Hospitals,3,0,1,45661.0,9729.0
ANNA HOSPITAL CORPORATION D/B/A UNION COUNTY HOSPITAL,Critical Access Hospitals,4,0,0,45714.0,6917.0
SPARTA COMMUNITY HOSPITAL,Critical Access Hospitals,4,1,0,48539.0,6243.0
INDIANA UNIVERSITY HEALTH BLACKFORD HOSPITAL,Critical Access Hospitals,4,1,0,41376.0,9312.0
INDIANA UNIVERSITY HEALTH FRANKFORT INC,Critical Access Hospitals,4,1,0,48651.0,22778.0
GREENE COUNTY GENERAL HOSPITAL,Critical Access Hospitals,3,0,0,48111.0,9541.0
PERRY COUNTY MEMORIAL HOSPITAL,Critical Access Hospitals,3,0,0,49231.0,10760.0
UNION HOSPITAL CLINTON,Critical Access Hospitals,2,1,0,43295.0,9630.0
SCOTT MEMORIAL HEALTH,Critical Access Hospitals,3,0,0,51402.0,14435.0
ASCENSION ST VINCENT DUNN,Critical Access Hospitals,3,0,0,47011.0,27421.0
JONES REGIONAL MEDICAL CENTER,Critical Access Hospitals,5,2,0,53500.0,8902.0
MITCHELL COUNTY REGIONAL HEALTH,Critical Access Hospitals,4,0,0,56395.0,5660.0
VIRGINIA GAY HOSPITAL,Critical Access Hospitals,5,1,0,52414.0,7451.0
KOSSUTH REGIONAL HEALTH CENTER,Critical Access Hospitals,3,0,0,58113.0,7242.0
BURGESS HEALTH CENTER,Critical Access Hospitals,3,0,0,36806.0,3506.0
MERCYONE CENTERVILLE MEDICAL CENTER,Critical Access Hospitals,4,1,0,36281.0,7235.0
ELLSWORTH COUNTY MEDICAL CENTER,Critical Access Hospitals,3,0,0,49306.0,3550.0
CLOUD COUNTY HEALTH CENTER,Critical Access Hospitals,2,0,1,43768.0,6112.0
RUSSELL REGIONAL HOSPITAL,Critical Access Hospitals,2,0,0,49220.0,5080.0
TREGO COUNTY LEMKE MEMORIAL HOSPITAL,Critical Access Hospitals,4,0,0,55208.0,2486.0
GOODLAND REGIONAL MEDICAL CENTER,Critical Access Hospitals,3,1,0,52708.0,5383.0
SCOTT COUNTY HOSPITAL,Critical Access Hospitals,3,0,0,63167.0,5016.0
ALLEN COUNTY REGIONAL HOSPITAL,Critical Access Hospitals,1,0,1,41348.0,7689.0
SMITH COUNTY MEMORIAL HOSPITAL,Critical Access Hospitals,3,1,0,41071.0,1944.0
MORRIS COUNTY HOSPITAL,Critical Access Hospitals,3,0,0,49630.0,3316.0
"LIVINGSTON HOSPITAL AND HEALTHCARE SERVICES, INC",Critical Access Hospitals,2,0,0,28750.0,1648.0
KNOX COUNTY HOSPITAL,Critical Access Hospitals,3,0,0,28125.0,11651.0
RIVERSIDE MEDICAL CENTER,Critical Access Hospitals,1,0,0,36416.0,18781.0
HARDTNER MEDICAL CENTER,Critical Access Hospitals,1,0,0,37059.0,2947.0
RICHLAND PARISH HOSPITAL-DELHI,Critical Access Hospitals,5,0,0,36034.0,6712.0
OCHSNER ST ANNE GENERAL HOSPITAL,Critical Access Hospitals,4,0,0,46177.0,14851.0
LADY OF THE SEA GENERAL HOSPITAL,Critical Access Hospitals,3,1,0,57813.0,9778.0
BARAGA COUNTY MEMORIAL HOSPITAL,Critical Access Hospitals,2,0,0,42380.0,3898.0
"ASPIRUS IRON RIVER HOSPITAL & CLINICS, INC",Critical Access Hospitals,4,1,0,34521.0,5878.0
ST FRANCIS MEDICAL CENTER,Critical Access Hospitals,2,0,0,47255.0,3931.0
BAPTIST MEDICAL CENTER-YAZOO,Critical Access Hospitals,3,1,0,25212.0,21085.0
COPIAH COUNTY MEDICAL CENTER,Critical Access Hospitals,3,1,0,36120.0,9709.0
BAPTIST MEDICAL CENTER ATTALA,Critical Access Hospitals,2,0,0,33943.0,13099.0
HERMANN AREA DISTRICT HOSPITAL,Critical Access Hospitals,4,0,0,55395.0,5555.0
LAFAYETTE REGIONAL HEALTH CENTER,Critical Access Hospitals,4,1,0,43243.0,5381.0
RAY COUNTY MEMORIAL HOSPITAL,Critical Access Hospitals,4,1,0,46944.0,8484.0
COX MONETT HOSPITAL,Critical Access Hospitals,4,0,0,43685.0,13311.0
PIKE COUNTY MEMORIAL HOSPITAL,Critical Access Hospitals,4,0,0,40525.0,4409.0
CHADRON COMMUNITY HOSPITAL CORP,Critical Access Hospitals,4,0,0,50952.0,7148.0
JENNIE M MELHAM MEMORIAL MEDICAL CENTER,Critical Access Hospitals,4,0,0,49922.0,4591.0
DESERT VIEW HOSPITAL,Critical Access Hospitals,3,1,0,41726.0,21193.0
UPPER CONNECTICUT VALLEY HOSPITAL,Critical Access Hospitals,3,0,0,49028.0,3003.0
MEDINA MEMORIAL HOSPITAL,Critical Access Hospitals,2,0,1,45946.0,10531.0
VIDANT BERTIE  HOSPITAL,Critical Access Hospitals,5,1,0,27713.0,8887.0
CAPE FEAR VALLEY-BLADEN COUNTY HOSPITAL,Critical Access Hospitals,4,0,0,31547.0,10383.0
LISBON AREA HEALTH SERVICES,Critical Access Hospitals,3,0,0,61287.0,3041.0
CHI ST ALEXIUS HEALTH DEVILS LAKE,Critical Access Hospitals,3,0,1,54619.0,10155.0
MORROW COUNTY HOSPITAL,Critical Access Hospitals,5,1,0,47193.0,10185.0
"BARNESVILLE HOSPITAL ASSOCIATION, INC",Critical Access Hospitals,3,0,0,43056.0,7103.0
MEMORIAL HOSPITAL OF TEXAS COUNTY AUTHORITY,Critical Access Hospitals,4,2,0,51101.0,13865.0
WALLOWA MEMORIAL HOSPITAL,Critical Access Hospitals,4,0,0,47694.0,3148.0
CURRY GENERAL HOSPITAL,Critical Access Hospitals,2,1,0,47683.0,5503.0
FULTON COUNTY MEDICAL CENTER,Critical Access Hospitals,4,0,0,47987.0,5313.0
TROY COMMUNITY HOSPITAL,Critical Access Hospitals,2,0,0,53576.0,4999.0
LECOM HEALTH CORRY MEMORIAL HOSPITAL,Critical Access Hospitals,3,0,0,47412.0,11027.0
BARNES-KASSON COUNTY HOSPITAL,Critical Access Hospitals,2,0,0,44844.0,5644.0
AVERA HAND COUNTY MEMORIAL HOSPITAL AND CLINIC,Critical Access Hospitals,4,0,0,45944.0,2217.0
AVERA GREGORY HOSPITAL,Critical Access Hospitals,4,1,0,41032.0,1853.0
MACON COMMUNITY HOSPITAL,Critical Access Hospitals,4,0,0,37314.0,14788.0
ROLLINS BROOK COMMUNITY HOSPITAL,Critical Access Hospitals,4,1,0,46678.0,12517.0
COON MEMORIAL HOSPITAL,Critical Access Hospitals,4,0,0,54047.0,11488.0
COLEMAN COUNTY MEDICAL CENTER COMPANY,Critical Access Hospitals,1,0,0,41250.0,5349.0
TMC- BONHAM HOSPITAL,Critical Access Hospitals,3,0,1,41508.0,14318.0
BIG BEND REGIONAL MEDICAL CENTER,Critical Access Hospitals,3,0,0,38563.0,7802.0
COMANCHE COUNTY MEDICAL CENTER,Critical Access Hospitals,3,0,0,43544.0,7496.0
GOODALL WITCHER HOSPITAL,Critical Access Hospitals,2,0,0,50962.0,7068.0
PROVIDENCE ST JOSEPH HOSPITAL,Critical Access Hospitals,5,1,0,40678.0,5365.0
ASCENSION EAGLE RIVER HOSPITAL,Critical Access Hospitals,4,1,0,45609.0,7734.0
FLAMBEAU HOSPITAL,Critical Access Hospitals,2,0,0,44036.0,4081.0
MARSHFIELD MEDICAL CENTER - LADYSMITH,Critical Access Hospitals,4,0,0,39930.0,5756.0
PLATTE COUNTY MEMORIAL HOSPITAL,Critical Access Hospitals,2,0,0,47354.0,6550.0
COMMUNITY HOSPITAL,Critical Access Hospitals,1,0,0,47086.0,10359.0
BANNER LASSEN MEDICAL CENTER,Critical Access Hospitals,3,1,0,54702.0,20479.0
FAIRFIELD MEMORIAL HOSPITAL 1,Critical Access Hospitals,3,1,0,44883.0,8728.0
VALLEY WEST COMMUNITY HOSPITAL,Critical Access Hospitals,4,0,0,66911.0,11893.0
CLAY COUNTY HOSPITAL,Critical Access Hospitals,3,0,0,46173.0,6376.0
PULASKI MEMORIAL HOSPITAL,Critical Access Hospitals,3,0,1,44028.0,6456.0
ASCENSION ST VINCENT WILLIAMSPORT,Critical Access Hospitals,3,0,0,57039.0,3737.0
"FRANCISCAN HEALTH RENSSELAER, INC",Critical Access Hospitals,1,0,1,56870.0,11753.0
CHI HEALTH MISSOURI VALLEY,Critical Access Hospitals,5,1,0,57589.0,4880.0
FLOYD COUNTY MEDICAL CENTER,Critical Access Hospitals,4,0,0,44964.0,10456.0
VAN DIEST MEDICAL CENTER,Critical Access Hospitals,4,1,0,50777.0,9134.0
CHEROKEE REGIONAL MEDICAL CENTER,Critical Access Hospitals,3,0,0,50346.0,6355.0
HIAWATHA COMMUNITY HOSPITAL,Critical Access Hospitals,3,0,0,48151.0,4833.0
WILSON MEDICAL CENTER,Critical Access Hospitals,4,2,0,46507.0,3319.0
REPUBLIC COUNTY HOSPITAL,Critical Access Hospitals,2,0,0,37333.0,2169.0
MITCHELL COUNTY HOSPITAL HEALTH SYSTEMS,Critical Access Hospitals,3,1,0,43250.0,4542.0
NORTHERN LIGHT BLUE HILL MEMORIAL HOSPITAL,Critical Access Hospitals,4,0,0,48043.0,2589.0
SALEM MEMORIAL DISTRICT HOSPITAL,Critical Access Hospitals,3,0,0,38971.0,14525.0
NOR-LEA HOSPITAL DISTRICT,Critical Access Hospitals,4,0,0,54293.0,15288.0
LITTLE FALLS HOSPITAL,Critical Access Hospitals,3,0,0,50183.0,8690.0
COBLESKILL REGIONAL HOSPITAL,Critical Access Hospitals,4,0,0,48778.0,8435.0
ASHE MEMORIAL HOSPITAL,Critical Access Hospitals,4,0,0,31734.0,4702.0
HOCKING VALLEY COMMUNITY HOSPITAL,Critical Access Hospitals,4,1,0,44544.0,18210.0
FAYETTE COUNTY MEMORIAL HOSPITAL,Critical Access Hospitals,2,0,0,42496.0,22265.0
GEISINGER JERSEY SHORE HOSPITAL,Critical Access Hospitals,4,1,0,53840.0,12577.0
UPMC MUNCY,Critical Access Hospitals,3,1,0,60202.0,12354.0
RHEA MEDICAL CENTER,Critical Access Hospitals,1,0,0,36153.0,18983.0
CHRISTUS MOTHER FRANCES HOSPITAL- JACKSONVILLE,Critical Access Hospitals,4,1,0,42523.0,26671.0
YOAKUM COMMUNITY HOSPITAL,Critical Access Hospitals,3,1,0,46958.0,9847.0
COGDELL MEMORIAL HOSPITAL,Critical Access Hospitals,4,1,0,54820.0,16236.0
HAMILTON GENERAL HOSPITAL,Critical Access Hospitals,5,0,0,50500.0,4632.0
RUSH MEMORIAL HOSPITAL,Critical Access Hospitals,2,0,0,44090.0,10533.0
CITIZENS MEDICAL CENTER,Critical Access Hospitals,3,0,0,51619.0,6332.0
MARSHALL COUNTY HOSPITAL,Critical Access Hospitals,3,0,1,49240.0,19679.0
MACKINAC STRAITS HOSPITAL AND HEALTH CENTER,Critical Access Hospitals,4,0,0,41541.0,3867.0
SPECTRUM HEALTH REED CITY HOSPITAL,Critical Access Hospitals,4,0,0,38806.0,7205.0
MIDMICHIGAN MEDICAL CENTER-GLADWIN,Critical Access Hospitals,3,1,0,39947.0,15507.0
PEACEHEALTH UNITED GENERAL MEDICAL CENTER,Critical Access Hospitals,2,1,1,57089.0,26175.0
MARINERS HOSPITAL,Critical Access Hospitals,4,1,0,54487.0,5177.0
ST JOSEPH MEMORIAL HOSPITAL,Critical Access Hospitals,3,0,0,42708.0,15388.0
PUTNAM COUNTY HOSPITAL,Critical Access Hospitals,2,0,0,51928.0,20976.0